rankpct,cumpct
0.0375234521575985,2.4244918891198144
0.075046904315197,4.310282778662492
0.1125703564727955,6.120498079120444
0.150093808630394,7.663274762251793
0.18761726078799248,9.055125194562157
0.225140712945591,10.341034845744826
0.2626641651031895,11.32599170467939
0.300187617260788,12.209731256804055
0.33771106941838647,13.050959540068561
0.37523452157598497,13.845178007503579
0.41275797373358347,14.636697346757
0.450281425891182,15.424392921086492
0.4878048780487805,16.20646531170432
0.525328330206379,16.955923236794515
0.5628517823639775,17.688736538098194
0.600375234521576,18.3952333396313
0.6378986866791745,19.090933628438016
0.6754221388367729,19.785284353153934
0.7129455909943715,20.47018812923426
0.7504690431519699,21.12562642266548
0.7879924953095686,21.777016023824306
0.8255159474671669,22.427505915589265
0.8630393996247656,23.077545952657292
0.900562851782364,23.72556164358912
0.9380863039399625,24.373127479824017
0.975609756097561,25.005173329014728
1.0131332082551596,25.635419759417708
1.050656660412758,26.233051724293052
1.0881801125703565,26.801892988564692
1.125703564727955,27.365111069124673
1.1632270168855536,27.925630021503054
1.200750469043152,28.464555948428657
1.2382739212007505,28.99605927285487
1.275797373358349,29.52621303319028
1.3133208255159476,30.05411752004103
1.3508442776735459,30.57549911378625
1.3883677298311445,31.077536955563357
1.425891181988743,31.578900015295062
1.4634146341463417,32.07508974601204
1.5009380863039399,32.570154839986685
1.5384615384615385,33.064095297219
1.5759849906191372,33.55398706217892
1.6135084427767354,34.028583767443116
1.6510318949343339,34.48068773786067
1.6885553470919326,34.92851808865736
1.7260787992495312,35.36037859771294
1.7636022514071295,35.784591576920654
1.801125703564728,36.20318137241671
1.8386491557223266,36.6201966764735
1.876172607879925,37.027090249849294
1.9136960600375235,37.431284695043495
1.951219512195122,37.83367972144997
1.9887429643527206,38.23495011111411
2.0262664165103192,38.63442108199052
2.0637898686679175,39.03231756142766
2.101313320825516,39.42863954942554
2.1388367729831144,39.82226240924182
2.176360225140713,40.215885269058106
2.2138836772983113,40.60950812887439
2.25140712945591,40.98918549308575
2.2889305816135086,41.363014746236985
2.3264540337711073,41.72334835848023
2.3639774859287055,42.074684876784815
2.401500938086304,42.425346613044006
2.4390243902439024,42.77555849460626
2.476547842401501,43.119922265108386
2.5140712945590993,43.46383618091358
2.551594746716698,43.806850387324914
2.5891181988742966,44.14716546555464
2.6266416510318953,44.48680576173898
2.6641651031894935,44.82532142118098
2.7016885553470917,45.16271244388065
2.7392120075046904,45.49875390248952
2.776735459662289,45.82804754064439
2.8142589118198873,46.15576668736
2.851782363977486,46.48078670589401
2.8893058161350846,46.801308177458694
2.9268292682926833,47.11238270038779
2.9643527204502815,47.42323229596842
3.0018761726078798,47.72036132329259
3.0393996247654784,48.015690931829035
3.076923076923077,48.30179851907835
3.1144465290806753,48.57935886708594
3.1519699812382744,48.85534472365427
3.189493433395872,49.125257541814
3.227016885553471,49.38954717626208
3.264540337711069,49.64866348169542
3.3020637898686678,49.90395602220484
3.3395872420262664,50.15564972513879
3.377110694183865,50.403519663148806
3.414634146341464,50.650939746461894
3.4521575984990625,50.89813490242652
3.4896810506566602,51.145330058391146
3.527204502814259,51.3923002870073
3.564727954971857,51.638370806229595
3.602251407129456,51.88039263317949
3.6397748592870545,52.122189532780915
3.677298311444653,52.35903803071608
3.714821763602252,52.593412327818115
3.75234521575985,52.825762278783955
3.7898686679174483,53.05518817421973
3.827392120075047,53.28191494147391
3.864915572232645,53.508416781379616
3.902439024390244,53.73401891189146
3.9399624765478425,53.958946260357905
3.977485928705441,54.17915013450656
4.01500938086304,54.397779517215945
4.0525328330206385,54.61640889992533
4.090056285178236,54.83346379119545
4.127579737335835,55.0502937551171
4.165103189493434,55.26689879169029
4.202626641651032,55.48327890091501
4.24015009380863,55.6985343733974
4.277673545966229,55.91199042709206
4.315196998123827,56.125446480786714
4.352720450281426,56.3386776071329
4.390243902439024,56.54920960529749
4.4277673545966225,56.75569291118969
4.465290806754221,56.96172636238495
4.50281425891182,57.16730995888328
4.5403377110694185,57.37244370068468
4.577861163227017,57.57510324165295
4.615384615384616,57.77686307322735
4.6529080675422145,57.97614870396862
4.690431519699812,58.17520940736142
4.727954971857411,58.37404518340576
4.76547842401501,58.57108154066237
4.803001876172608,58.767443115873576
4.840525328330206,58.96335483638785
4.878048780487805,59.158591774856724
4.915572232645403,59.3518043671894
4.953095684803002,59.542542758688946
4.9906191369606,59.732606368143095
5.028142589118199,59.922220122900306
5.065666041275797,60.111608950309055
5.103189493433396,60.29942328627854
5.140712945590995,60.48566313080875
5.178236397748593,60.671453120642035
5.215759849906192,60.85544369168759
5.253283302063791,61.039209335384676
5.290806754221388,61.22275005173329
5.328330206378987,61.40606584073345
5.365853658536586,61.58915670238513
5.4033771106941835,61.772022636688355
5.440900562851782,61.95421378894618
5.478424015009381,62.136404941204
5.5159474671669795,62.31792131141642
5.553470919324578,62.49786319018958
5.590994371482176,62.67713028691733
5.628517823639775,62.856172456296626
5.666041275797373,63.03453984363052
5.703564727954972,63.21223244891901
5.741088180112571,63.38902534481364
5.778611632270169,63.56334403987513
5.816135084427768,63.73766273493663
5.853658536585367,63.91108172060426
5.891181988742964,64.08292621483263
5.928705440900563,64.25432085436405
5.966228893058161,64.42549056654701
6.0037523452157595,64.59508578729071
6.041275797373358,64.76445608068595
6.078799249530957,64.93022753650571
6.1163227016885555,65.09599899232548
6.153846153846154,65.26109566609985
6.191369606003752,65.4243929210865
6.228893058161351,65.58701539402773
6.266416510318949,65.7494129396205
6.303939962476549,65.90596237415315
6.341463414634147,66.06161209929193
6.378986866791744,66.21343805950679
6.416510318949344,66.36503909237317
6.454033771106942,66.51619027054262
6.49155722326454,66.66689159401514
6.529080675422138,66.81714306279072
6.566604127579738,66.96716960421784
6.6041275797373356,67.11652136359956
6.641651031894933,67.2656481956328
6.679174484052533,67.41342546357527
6.716697936210131,67.55962824007845
6.75422138836773,67.70515623453625
6.791744840525328,67.84933466490324
6.829268292682928,67.99328816792176
6.866791744840525,68.13701674359181
6.904315196998125,68.28029546456494
6.941838649155723,68.42312433084113
6.9793621013133205,68.56572826976885
7.016885553470919,68.70810728134812
7.054409005628518,68.85003643823045
7.0919324577861165,68.99129081306738
7.129455909943714,69.13232026055584
7.166979362101314,69.27244999865044
7.204502814258912,69.41235480939658
7.242026266416509,69.55203469279424
7.279549718574109,69.6910397941465
7.317073170731707,69.82892025875644
7.354596622889306,69.96635086866944
7.392120075046904,70.1026568418401
7.429643527204504,70.2380631056169
7.467166979362101,70.3734693693937
7.5046904315197,70.50820085112511
7.542213883677299,70.64270740550805
7.5797373358348965,70.77496468640632
7.617260787992495,70.90609733056226
7.654784240150094,71.03700504736973
7.6923076923076925,71.1679127641772
7.72983114446529,71.29837062628773
7.76735459662289,71.42860356104981
7.804878048780488,71.55861156846342
7.842401500938085,71.68727001178623
7.879924953095685,71.81502874571517
7.917448405253283,71.94233762494717
7.954971857410882,72.06829694008839
7.99249530956848,72.19200698174494
8.03001876172608,72.31436745931069
8.067542213883677,72.43672793687644
8.105065666041277,72.55683914095752
8.142589118198874,72.6756007809478
8.180112570356473,72.79323778419575
8.217636022514071,72.91042493274676
8.25515947467167,73.02693729925238
8.292682926829269,73.14254995636414
8.330206378986867,73.25658812203662
8.367729831144466,73.3706262877091
8.405253283302065,73.48443952603313
8.442776735459661,73.59735305496328
8.48030018761726,73.71004165654497
8.517823639774859,73.8225053307782
8.555347091932457,73.93429422296602
8.592870544090056,74.04585818780538
8.630393996247655,74.15607258855394
8.667917448405253,74.26606206195403
8.705440900562852,74.37537675330873
8.74296435272045,74.48424158996649
8.780487804878048,74.59018237109419
8.818011257035648,74.69589822487342
8.855534709193245,74.80161407865265
8.893058161350845,74.90688007773494
8.930581613508442,75.01147129477184
8.968105065666041,75.11583758446027
9.00562851782364,75.2202038741487
9.043151969981238,75.32389538179173
9.080675422138837,75.4273619620863
9.118198874296436,75.53060361503239
9.155722326454034,75.63362034063002
9.193245778611631,75.73506257478839
9.230769230769232,75.83583002690135
9.268292682926829,75.93614762431739
9.305816135084429,76.03624029438495
9.343339587242026,76.13565818240713
9.380863039399625,76.2350760704293
9.418386491557223,76.334269031103
9.455909943714822,76.43323706442824
9.49343339587242,76.53220509775348
9.53095684803002,76.62982356698791
9.568480300187618,76.72631739948001
9.606003752345217,76.82258630462366
9.643527204502814,76.91863028241883
9.681050656660412,77.01422440551707
9.71857410881801,77.10914374656991
9.75609756097561,77.20383816027429
9.793621013133208,77.29830764663019
9.831144465290807,77.39165249624376
9.868667917448406,77.48454749116041
9.906191369606004,77.57721755872859
9.943714821763603,77.66921284425136
9.9812382739212,77.76098320242568
10.0187617260788,77.8527535606
10.056285178236397,77.94407406407737
10.093808630393998,78.03449485816088
10.131332082551594,78.12424087019899
10.168855534709193,78.21376195488864
10.206378986866792,78.30305811222982
10.24390243902439,78.39190441487406
10.28142589118199,78.47985100812444
10.318949343339586,78.56779760137482
10.356472795497186,78.65484448523134
10.393996247654783,78.74031687764858
10.431519699812384,78.82578927006583
10.46904315196998,78.91081180778615
10.506566604127581,78.99583434550647
10.544090056285178,79.08063195587832
10.581613508442777,79.16542956625017
10.619136960600375,79.24842775783429
10.656660412757974,79.33075116737301
10.694183864915573,79.41172501282092
10.731707317073171,79.49247393092038
10.76923076923077,79.57299792167137
10.806754221388367,79.65194742098309
10.844277673545966,79.73089692029481
10.881801125703564,79.8093965649096
10.919324577861163,79.88744635482746
10.956848030018762,79.96527121739685
10.99437148217636,80.04264622526931
11.031894934333959,80.1197963057933
11.069418386491558,80.19672145896882
11.106941838649156,80.27364661214435
11.144465290806755,80.34944712857754
11.181988742964352,80.4247977903138
11.219512195121952,80.4999235247016
11.25703564727955,80.57482433174093
11.294559099437148,80.64905035673486
11.332082551594747,80.72282652703186
11.369606003752345,80.79660269732885
11.407129455909944,80.87037886762585
11.44465290806754,80.9437051832259
11.482176360225141,81.01703149882596
11.519699812382738,81.09035781442601
11.557223264540339,81.16345920267761
11.594746716697935,81.23521102683841
11.632270168855536,81.30696285099921
11.669793621013133,81.37848974781154
11.707317073170733,81.4484421531846
11.74484052532833,81.5181696312092
11.782363977485929,81.58767218188534
11.819887429643527,81.65605009581914
11.857410881801126,81.72375322770753
11.894934333958725,81.79123143224747
11.932457786116322,81.85870963678741
11.969981238273922,81.92596291397888
12.007504690431519,81.99299126382188
12.045028142589118,82.05979468631641
12.082551594746716,82.12614825411401
12.120075046904315,82.19227689456315
12.157598499061914,82.25818060766382
12.195121951219512,82.32363446606756
12.232645403377111,82.3890883244713
12.27016885553471,82.45431725552658
12.307692307692308,82.51932125923338
12.345215759849907,82.58410033559171
12.382739212007504,82.64685506581385
12.420262664165103,82.7089350139906
12.457786116322701,82.77101496216734
12.4953095684803,82.83242012829868
12.532833020637899,82.89292558503615
12.570356472795496,82.95343104177363
12.607879924953098,83.01371157116263
12.645403377110695,83.07376717320317
12.682926829268293,83.13337292054678
12.72045028142589,83.19275374054192
12.757973733583489,83.25145977849166
12.79549718574109,83.30994088909294
12.833020637898688,83.36819707234575
12.870544090056285,83.42622832825009
12.908067542213884,83.48425958415443
12.94559099437148,83.5420659127103
12.98311444652908,83.59987224126617
13.02063789868668,83.65745364247358
13.058161350844276,83.71481011633253
13.095684803001875,83.77216659019147
13.133208255159476,83.82907320935348
13.170731707317074,83.88597982851549
13.208255159474671,83.9428864476775
13.24577861163227,83.99956813949103
13.283302063789867,84.05557504925918
13.320825515947469,84.1111321043304
13.358348968105066,84.16646423205314
13.395872420262664,84.2217963597759
13.433395872420261,84.27690356015017
13.470919324577862,84.33178583317599
13.50844277673546,84.38644317885333
13.545966228893057,84.44110052453067
13.583489681050656,84.49553294285955
13.621013133208255,84.54996536118844
13.658536585365855,84.60417285216886
13.696060037523452,84.6581554158008
13.73358348968105,84.71168812473582
13.771106941838648,84.76499590632237
13.80863039399625,84.81807876056045
13.846153846153847,84.87116161479854
13.883677298311445,84.92401954168815
13.921200750469042,84.97620268653237
13.958724202626641,85.0283858313766
13.996247654784241,85.08056897622082
14.033771106941838,85.13252719371657
14.071294559099437,85.18448541121232
14.108818011257036,85.2362187013596
14.146341463414632,85.28750213680995
14.183864915572233,85.33878557226029
14.221388367729832,85.38916929831677
14.258911819887429,85.43887824232786
14.296435272045027,85.48836225899048
14.333958724202628,85.5378462756531
14.371482176360226,85.58710536496724
14.409005628517823,85.63636445428139
14.446529080675422,85.68539861624707
14.484052532833019,85.7342078508643
14.52157598499062,85.78301708548152
14.559099437148218,85.83070168335641
14.596622889305817,85.8783862812313
14.634146341463413,85.92539609706078
14.671669793621014,85.97240591289027
14.709193245778613,86.01919080137128
14.74671669793621,86.06575076250384
14.784240150093808,86.1123107236364
14.821763602251407,86.15887068476896
14.859287054409007,86.20543064590152
14.896810506566604,86.25199060703407
14.934333958724203,86.29855056816663
14.9718574108818,86.34466067460225
15.0093808630394,86.39077078103787
15.046904315196999,86.43665596012502
15.084427767354597,86.48254113921217
15.121951219512194,86.52820139095087
15.159474671669793,86.5736367153411
15.196998123827393,86.61884711238285
15.23452157598499,86.66383258207614
15.272045028142589,86.7083681970725
15.309568480300188,86.75290381206887
15.347091932457785,86.79721449971676
15.384615384615385,86.84107533266771
15.422138836772984,86.88493616561867
15.45966228893058,86.92857207122115
15.49718574108818,86.97198304947518
15.53470919324578,87.01516910038075
15.572232645403378,87.05790529658937
15.609756097560975,87.10041656544952
15.647279549718574,87.14292783430967
15.68480300187617,87.18543910316983
15.722326454033771,87.22795037202998
15.75984990619137,87.27023671354168
15.797373358348969,87.3122981277049
15.834896810506566,87.3539096871712
15.872420262664166,87.39552124663749
15.909943714821765,87.43668295140685
15.947467166979362,87.47761972882775
15.98499061913696,87.51855650624864
16.02251407129456,87.55949328366954
16.06003752345216,87.60043006109044
16.097560975609756,87.64114191116286
16.135084427767353,87.68185376123529
16.172607879924954,87.72234068395925
16.210131332082554,87.7628276066832
16.24765478424015,87.80308960205869
16.285178236397748,87.84335159743418
16.322701688555348,87.88361359280967
16.360225140712945,87.92387558818515
16.397748592870546,87.96391265621219
16.435272045028142,88.00372479689075
16.47279549718574,88.04353693756931
16.51031894934334,88.08289922355094
16.547842401500937,88.1220365821841
16.585365853658537,88.1609490134688
16.622889305816134,88.19963651740503
16.660412757973734,88.23809909399279
16.69793621013133,88.27633674323208
16.735459662288932,88.31457439247137
16.77298311444653,88.35281204171066
16.81050656660413,88.39082476360149
16.848030018761726,88.42883748549231
16.885553470919323,88.46685020738313
16.923076923076923,88.5046380019255
16.96060037523452,88.54242579646787
16.99812382739212,88.58021359101024
17.035647279549718,88.61777645820413
17.073170731707318,88.65533932539803
17.110694183864915,88.69290219259193
17.148217636022515,88.73001520508889
17.185741088180112,88.76712821758585
17.22326454033771,88.80401630273434
17.26078799249531,88.84067946053437
17.29831144465291,88.87734261833441
17.335834896810507,88.91400577613445
17.373358348968104,88.95066893393448
17.410881801125704,88.98688223703758
17.4484052532833,89.0228706127922
17.4859287054409,89.05885898854683
17.5234521575985,89.09484736430146
17.560975609756095,89.13083574005609
17.598499061913696,89.16659918846224
17.636022514071296,89.20191278217148
17.673545966228893,89.23700144853224
17.71106941838649,89.272090114893
17.748592870544087,89.30672892655684
17.78611632270169,89.34136773822068
17.823639774859288,89.37578162253605
17.861163227016885,89.41019550685142
17.89868667917448,89.4446093911668
17.936210131332082,89.4787983481337
17.973733583489683,89.5129873051006
18.01125703564728,89.5471762620675
18.048780487804876,89.5813652190344
18.086303939962477,89.61532924865283
18.123827392120077,89.64906835092279
18.161350844277674,89.68280745319275
18.19887429643527,89.71654655546271
18.23639774859287,89.75028565773268
18.273921200750472,89.78379983265418
18.31144465290807,89.81731400757569
18.348968105065666,89.85060325514873
18.386491557223263,89.88389250272176
18.424015009380863,89.91673189559786
18.461538461538463,89.94957128847396
18.49906191369606,89.98218575400159
18.536585365853657,90.01480021952922
18.574108818011258,90.0471897577084
18.611632270168858,90.07957929588757
18.649155722326455,90.11196883406674
18.686679174484052,90.14413344489745
18.72420262664165,90.17607312837968
18.76172607879925,90.20801281186192
18.79924953095685,90.23972756799569
18.836772983114447,90.27121739678098
18.874296435272043,90.30270722556628
18.911819887429644,90.33397212700312
18.94934333958724,90.36523702843996
18.98686679174484,90.3965019298768
19.024390243902438,90.42776683131365
19.06191369606004,90.45880680540202
19.099437148217635,90.48984677949039
19.136960600375236,90.5206618262303
19.174484052532833,90.5514768729702
19.212007504690433,90.5822919197101
19.24953095684803,90.61310696645
19.287054409005627,90.64369708584144
19.324577861163228,90.67428720523287
19.362101313320824,90.7048773246243
19.399624765478425,90.73546744401574
19.43714821763602,90.7658326360587
19.474671669793622,90.79574797340474
19.51219512195122,90.82543838340231
19.54971857410882,90.85490386605142
19.587242026266416,90.88436934870052
19.624765478424013,90.9133849766527
19.662288930581614,90.94240060460487
19.69981238273921,90.97141623255705
19.73733583489681,91.00043186050922
19.774859287054408,91.0294474884614
19.81238273921201,91.05846311641358
19.849906191369605,91.08702888966882
19.887429643527206,91.11559466292405
19.924953095684803,91.14393550883082
19.9624765478424,91.17227635473759
20.0,91.20061720064436
20.0375234521576,91.22895804655113
20.075046904315197,91.2572988924579
20.112570356472794,91.2854148110162
20.15009380863039,91.31330580222604
20.187617260787995,91.34097186608741
20.225140712945592,91.36863792994879
20.26266416510319,91.3960790664617
20.300187617260786,91.42329527562613
20.337711069418386,91.45051148479057
20.375234521575987,91.47750276660653
20.412757973733584,91.50426912107405
20.45028142589118,91.53103547554156
20.48780487804878,91.5575769026606
20.52532833020638,91.58411832977964
20.56285178236398,91.61065975689868
20.600375234521575,91.63675132932079
20.637898686679172,91.66284290174289
20.675422138836772,91.68870954681653
20.712945590994373,91.71457619189016
20.75046904315197,91.7404428369638
20.787992495309567,91.76608455468897
20.825515947467167,91.79172627241415
20.863039399624768,91.81714306279086
20.900562851782365,91.84255985316757
20.93808630393996,91.86775171619581
20.975609756097562,91.89294357922405
21.013133208255162,91.9181354422523
21.05065666041276,91.94332730528053
21.088180112570356,91.9682942409603
21.125703564727953,91.99281132194315
21.163227016885553,92.017328402926
21.200750469043154,92.04184548390884
21.23827392120075,92.06636256489169
21.275797373358348,92.09065471852607
21.313320825515948,92.11494687216044
21.350844277673545,92.13923902579482
21.388367729831145,92.16330625208073
21.425891181988742,92.18737347836664
21.463414634146343,92.21144070465255
21.50093808630394,92.23528300358998
21.53846153846154,92.25912530252742
21.575984990619137,92.28296760146486
21.613508442776734,92.3068099004023
21.651031894934334,92.33065219933974
21.68855534709193,92.35449449827718
21.72607879924953,92.37833679721462
21.76360225140713,92.40150431410666
21.80112570356473,92.4246718309987
21.838649155722326,92.44783934789075
21.876172607879926,92.47078193743432
21.913696060037523,92.4937245269779
21.951219512195124,92.51621726182455
21.98874296435272,92.5387099966712
22.026266416510317,92.56097780416938
22.063789868667918,92.58324561166756
22.101313320825515,92.60551341916575
22.138836772983115,92.62755629931546
22.176360225140712,92.64959917946517
22.213883677298313,92.67141713226641
22.25140712945591,92.69323508506766
22.28893058161351,92.7150530378689
22.326454033771107,92.73664606332167
22.363977485928704,92.75823908877445
22.401500938086304,92.77960718687876
22.439024390243905,92.80097528498308
22.4765478424015,92.8223433830874
22.5140712945591,92.84371148119172
22.551594746716695,92.86507957929604
22.589118198874296,92.88644767740035
22.626641651031896,92.9075908481562
22.664165103189493,92.92873401891205
22.70168855534709,92.94965226231943
22.73921200750469,92.97057050572681
22.77673545966229,92.99126382178572
22.814258911819888,93.01195713784463
22.851782363977485,93.03265045390354
22.88930581613508,93.05311884261398
22.926829268292686,93.07358723132442
22.964352720450282,93.09383069268641
23.00187617260788,93.1140741540484
23.039399624765476,93.13431761541038
23.076923076923077,93.1543361494239
23.114446529080677,93.17435468343741
23.151969981238274,93.19437321745093
23.18949343339587,93.21416682411598
23.22701688555347,93.23396043078102
23.26454033771107,93.2535291100976
23.30206378986867,93.27309778941418
23.339587242026266,93.29266646873076
23.377110694183862,93.31223514804734
23.414634146341466,93.33157890001544
23.452157598499063,93.35092265198355
23.48968105065666,93.37026640395166
23.527204502814257,93.38961015591977
23.564727954971858,93.40895390788788
23.602251407129458,93.42829765985599
23.639774859287055,93.44719155712717
23.677298311444652,93.46586052704988
23.714821763602252,93.4845294969726
23.75234521575985,93.50319846689531
23.78986866791745,93.52186743681803
23.827392120075046,93.54031147939227
23.864915572232643,93.55875552196652
23.902439024390244,93.57719956454076
23.939962476547844,93.59564360711501
23.97748592870544,93.61408764968925
24.015009380863038,93.6325316922635
24.05253283302064,93.65075080748927
24.090056285178235,93.66896992271505
24.127579737335836,93.68718903794083
24.165103189493433,93.7054081531666
24.202626641651033,93.72362726839238
24.24015009380863,93.74184638361815
24.27767354596623,93.75984057149547
24.315196998123827,93.7778347593728
24.352720450281424,93.79582894725011
24.390243902439025,93.81382313512744
24.42776735459662,93.83159239565629
24.465290806754222,93.84936165618514
24.50281425891182,93.86713091671399
24.54033771106942,93.88490017724284
24.577861163227016,93.90266943777169
24.615384615384617,93.92043869830054
24.652908067542214,93.9382079588294
24.690431519699814,93.95575229200978
24.72795497185741,93.97329662519016
24.765478424015008,93.99084095837054
24.80300187617261,94.00838529155092
24.840525328330205,94.02570469738284
24.878048780487806,94.04279917586628
24.915572232645403,94.05989365434972
24.953095684803,94.07698813283316
24.9906191369606,94.09408261131661
25.028142589118197,94.11117708980005
25.065666041275797,94.12804664093504
25.103189493433398,94.14491619207003
25.14071294559099,94.16178574320502
25.178236397748595,94.17865529434
25.215759849906195,94.19552484547499
25.25328330206379,94.21216946926151
25.29080675422139,94.22881409304803
25.328330206378986,94.24545871683455
25.365853658536587,94.26210334062107
25.403377110694187,94.27852303705912
25.44090056285178,94.29494273349717
25.47842401500938,94.31136242993522
25.515947467166978,94.3275571990248
25.553470919324578,94.34375196811438
25.59099437148218,94.35994673720396
25.628517823639775,94.37614150629354
25.666041275797376,94.39211134803465
25.70356472795497,94.4078562624273
25.74108818011257,94.42360117681996
25.77861163227017,94.43912116386414
25.816135084427767,94.45441622355986
25.853658536585368,94.46971128325558
25.89118198874296,94.4850063429513
25.92870544090056,94.50030140264701
25.96622889305816,94.51537153499426
26.00375234521576,94.5304416673415
26.04127579737336,94.54551179968875
26.07879924953096,94.560581932036
26.116322701688553,94.57565206438325
26.153846153846157,94.59049726938204
26.19136960600375,94.60534247438083
26.22889305816135,94.62018767937963
26.26641651031895,94.63503288437842
26.303939962476548,94.64965316202874
26.34146341463415,94.66427343967906
26.37898686679174,94.67889371732939
26.416510318949342,94.69351399497971
26.454033771106943,94.70813427263003
26.49155722326454,94.72275455028036
26.52908067542214,94.73714990058221
26.566604127579733,94.75154525088406
26.604127579737337,94.76594060118592
26.641651031894938,94.7801110241393
26.67917448405253,94.79428144709269
26.71669793621013,94.80845187004607
26.75422138836773,94.82239736565099
26.79174484052533,94.83611793390745
26.82926829268293,94.8498385021639
26.866791744840523,94.86355907042037
26.904315196998123,94.87727963867682
26.941838649155724,94.89100020693328
26.97936210131332,94.90472077518974
27.01688555347092,94.9184413434462
27.054409005628514,94.9319369843542
27.091932457786115,94.94543262526219
27.12945590994372,94.9587033388217
27.166979362101312,94.97197405238123
27.204502814258912,94.98524476594075
27.24202626641651,94.99851547950027
27.27954971857411,95.01178619305979
27.31707317073171,95.02505690661931
27.354596622889304,95.03810269283036
27.392120075046904,95.05114847904142
27.4296435272045,95.06419426525247
27.4671669793621,95.07724005146352
27.504690431519702,95.0900609103261
27.542213883677295,95.10288176918868
27.5797373358349,95.11570262805127
27.6172607879925,95.12852348691385
27.654784240150093,95.14111941842798
27.692307692307693,95.1537153499421
27.72983114446529,95.16631128145623
27.76735459662289,95.17890721297036
27.80487804878049,95.19150314448449
27.842401500938085,95.20409907599861
27.879924953095685,95.21647008016427
27.917448405253282,95.22884108432993
27.954971857410882,95.24121208849559
27.992495309568483,95.25358309266124
28.030018761726076,95.2659540968269
28.067542213883677,95.27832510099256
28.105065666041273,95.29069610515822
28.142589118198874,95.30306710932388
28.180112570356474,95.31521318614107
28.21763602251407,95.32735926295825
28.25515947467167,95.33950533977544
28.292682926829265,95.35142648924416
28.330206378986865,95.36334763871288
28.367729831144466,95.3752687881816
28.405253283302063,95.38718993765032
28.442776735459663,95.39911108711904
28.480300187617264,95.41103223658776
28.517823639774857,95.42295338605648
28.55534709193246,95.4348745355252
28.592870544090054,95.44679568499392
28.630393996247655,95.45871683446263
28.667917448405255,95.47041305658288
28.705440900562852,95.48210927870313
28.742964352720453,95.49380550082338
28.780487804878046,95.50550172294363
28.818011257035646,95.51697301771543
28.855534709193247,95.52844431248722
28.893058161350844,95.53991560725902
28.930581613508444,95.55138690203081
28.968105065666037,95.56285819680261
29.005628517823638,95.57410456422593
29.04315196998124,95.58535093164926
29.080675422138835,95.59659729907258
29.118198874296436,95.60784366649591
29.155722326454033,95.61909003391924
29.193245778611633,95.63011147399409
29.230769230769234,95.64113291406895
29.268292682926827,95.6521543541438
29.305816135084427,95.66317579421866
29.343339587242028,95.67397230694505
29.380863039399625,95.68476881967143
29.418386491557225,95.69556533239782
29.45590994371482,95.7063618451242
29.49343339587242,95.7171583578506
29.530956848030023,95.72795487057698
29.568480300187616,95.73875138330337
29.606003752345217,95.74954789602975
29.643527204502814,95.76011948140767
29.681050656660414,95.77069106678559
29.718574108818014,95.7812626521635
29.756097560975608,95.79183423754142
29.793621013133208,95.80240582291934
29.831144465290805,95.81297740829726
29.868667917448406,95.82354899367517
29.906191369606006,95.83412057905309
29.9437148217636,95.84469216443101
29.9812382739212,95.85526374980893
30.0187617260788,95.86583533518684
30.056285178236397,95.8761819932163
30.093808630393998,95.88652865124577
30.131332082551594,95.89687530927523
30.168855534709195,95.9072219673047
30.206378986866795,95.91756862533416
30.24390243902439,95.92791528336362
30.28142589118199,95.93826194139308
30.318949343339586,95.94860859942254
30.356472795497186,95.95873033010353
30.393996247654787,95.96885206078453
30.43151969981238,95.97897379146552
30.46904315196998,95.98909552214651
30.506566604127578,95.9992172528275
30.544090056285178,96.0093389835085
30.58161350844278,96.01946071418949
30.619136960600375,96.02958244487048
30.656660412757976,96.03970417555148
30.69418386491557,96.04982590623247
30.73170731707317,96.059722709565
30.76923076923077,96.06961951289752
30.806754221388367,96.07951631623004
30.844277673545967,96.08941311956256
30.881801125703568,96.09930992289509
30.91932457786116,96.10898179887914
30.95684803001876,96.1186536748632
30.99437148217636,96.12832555084725
31.03189493433396,96.1379974268313
31.06941838649156,96.14766930281536
31.106941838649156,96.15734117879941
31.144465290806757,96.16701305478347
31.18198874296435,96.17668493076752
31.21951219512195,96.18635680675158
31.25703564727955,96.19580375538716
31.294559099437148,96.20525070402275
31.33208255159475,96.21469765265833
31.36960600375234,96.22414460129392
31.407129455909942,96.2335915499295
31.444652908067543,96.24303849856508
31.48217636022514,96.25248544720067
31.51969981238274,96.26193239583625
31.557223264540333,96.27115441712338
31.594746716697937,96.28037643841051
31.632270168855538,96.28959845969764
31.66979362101313,96.29882048098477
31.70731707317073,96.3080425022719
31.744840525328332,96.31726452355903
31.78236397748593,96.32648654484616
31.81988742964353,96.33570856613329
31.857410881801123,96.34493058742042
31.894934333958723,96.35415260870755
31.932457786116323,96.36314970264621
31.96998123827392,96.37214679658487
32.00750469043152,96.38114389052353
32.04502814258912,96.39014098446219
32.08255159474672,96.39913807840085
32.12007504690432,96.40791024499104
32.15759849906191,96.41668241158123
32.19512195121951,96.42545457817143
32.232645403377106,96.43422674476162
32.270168855534706,96.44299891135181
32.30769230769231,96.451771077942
32.34521575984991,96.46054324453219
32.38273921200751,96.46931541112238
32.42026266416511,96.47808757771257
32.4577861163227,96.48685974430276
32.4953095684803,96.49540698354448
32.532833020637895,96.5039542227862
32.570356472795496,96.51250146202793
32.607879924953096,96.52104870126965
32.645403377110696,96.52959594051137
32.6829268292683,96.53814317975309
32.72045028142589,96.54669041899481
32.75797373358349,96.55523765823654
32.79549718574109,96.56378489747826
32.833020637898684,96.57233213671998
32.870544090056285,96.5808793759617
32.90806754221388,96.58942661520342
32.94559099437148,96.59797385444514
32.983114446529086,96.6062961663384
33.02063789868668,96.61461847823165
33.05816135084428,96.6229407901249
33.09568480300187,96.63126310201815
33.133208255159474,96.6395854139114
33.170731707317074,96.64790772580466
33.20825515947467,96.65623003769791
33.24577861163227,96.66455234959116
33.28330206378987,96.67287466148441
33.32082551594747,96.68119697337767
33.35834896810507,96.68951928527092
33.39587242026266,96.69784159716417
33.43339587242026,96.70616390905742
33.470919324577864,96.71448622095068
33.50844277673546,96.72280853284393
33.54596622889306,96.73113084473718
33.58348968105066,96.73922822928198
33.62101313320826,96.74732561382677
33.65853658536586,96.75542299837157
33.69606003752345,96.76352038291637
33.73358348968105,96.77161776746117
33.771106941838646,96.77971515200596
33.808630393996246,96.78781253655076
33.84615384615385,96.79590992109556
33.88367729831144,96.80400730564035
33.92120075046904,96.81210469018515
33.95872420262664,96.82020207472995
33.99624765478424,96.82829945927475
34.03377110694184,96.83617191647107
34.071294559099435,96.8440443736674
34.108818011257036,96.85191683086373
34.146341463414636,96.85978928806006
34.18386491557223,96.86766174525638
34.22138836772983,96.87553420245271
34.25891181988743,96.88340665964904
34.29643527204503,96.8910541894969
34.33395872420263,96.89870171934476
34.371482176360225,96.90634924919262
34.409005628517825,96.91399677904047
34.44652908067542,96.92164430888833
34.48405253283302,96.92929183873619
34.52157598499062,96.93693936858405
34.55909943714822,96.94458689843191
34.59662288930582,96.9520095009313
34.63414634146341,96.95943210343069
34.671669793621014,96.96685470593007
34.709193245778614,96.97427730842946
34.74671669793621,96.98169991092885
34.78424015009381,96.98912251342824
34.82176360225141,96.99654511592763
34.859287054409,97.00396771842702
34.8968105065666,97.01139032092641
34.9343339587242,97.0188129234258
34.9718574108818,97.02623552592519
35.009380863039404,97.03365812842458
35.046904315197,97.04108073092397
35.0844277673546,97.04827840607489
35.12195121951219,97.0554760812258
35.15947467166979,97.06267375637673
35.19699812382739,97.06987143152764
35.23452157598499,97.07706910667856
35.27204502814259,97.08426678182948
35.309568480300186,97.0914644569804
35.347091932457786,97.09866213213132
35.38461538461539,97.10585980728224
35.42213883677298,97.11305748243316
35.45966228893058,97.12025515758408
35.497185741088174,97.127452832735
35.53470919324578,97.13442558053747
35.57223264540338,97.14139832833993
35.609756097560975,97.1483710761424
35.647279549718576,97.15534382394486
35.684803001876176,97.16231657174733
35.72232645403377,97.16928931954979
35.75984990619137,97.17626206735225
35.79737335834896,97.18323481515472
35.834896810506564,97.19020756295718
35.872420262664164,97.19718031075965
35.909943714821765,97.20415305856211
35.947467166979365,97.21090087901611
35.98499061913696,97.2176486994701
36.02251407129456,97.2243965199241
36.06003752345216,97.2311443403781
36.09756097560975,97.23789216083209
36.13508442776735,97.24463998128608
36.17260787992495,97.25138780174008
36.210131332082554,97.25813562219408
36.247654784240154,97.26488344264807
36.28517823639775,97.27163126310207
36.32270168855535,97.27837908355606
36.36022514071294,97.28512690401006
36.39774859287054,97.29187472446405
36.43527204502814,97.29862254491805
36.47279549718574,97.30537036537204
36.51031894934334,97.31211818582604
36.547842401500944,97.31864107893156
36.58536585365854,97.32516397203709
36.62288930581614,97.33168686514261
36.66041275797373,97.33820975824814
36.69793621013133,97.34473265135367
36.73545966228893,97.35125554445919
36.772983114446525,97.35777843756472
36.810506566604126,97.36430133067024
36.848030018761726,97.37082422377577
36.88555347091933,97.3773471168813
36.92307692307693,97.38364508263835
36.96060037523452,97.38994304839541
36.99812382739212,97.39624101415247
37.035647279549714,97.40253897990952
37.073170731707314,97.40883694566658
37.110694183864915,97.41513491142364
37.148217636022515,97.42143287718069
37.185741088180116,97.42773084293775
37.223264540337716,97.4340288086948
37.26078799249531,97.44032677445186
37.29831144465291,97.44662474020892
37.3358348968105,97.45292270596597
37.373358348968104,97.45922067172303
37.410881801125704,97.46551863748009
37.4484052532833,97.47181660323714
37.485928705440905,97.4781145689942
37.5234521575985,97.48441253475126
37.5609756097561,97.49071050050831
37.5984990619137,97.49700846626537
37.63602251407129,97.50330643202243
37.67354596622889,97.50960439777948
37.71106941838649,97.51567743618807
37.74859287054409,97.52175047459666
37.78611632270169,97.52782351300525
37.82363977485929,97.53389655141383
37.86116322701689,97.53996958982242
37.89868667917448,97.546042628231
37.93621013133208,97.5521156666396
37.97373358348968,97.55818870504818
38.011257035647276,97.56426174345677
38.048780487804876,97.57033478186536
38.08630393996248,97.57640782027394
38.12382739212008,97.58248085868253
38.16135084427768,97.58855389709112
38.19887429643527,97.59440200815125
38.23639774859287,97.60025011921138
38.27392120075047,97.60609823027151
38.311444652908065,97.61194634133165
38.348968105065666,97.61779445239178
38.38649155722326,97.62364256345191
38.42401500938087,97.62949067451204
38.46153846153847,97.63533878557217
38.49906191369606,97.6411868966323
38.53658536585366,97.64703500769244
38.574108818011254,97.65288311875257
38.611632270168855,97.6587312298127
38.649155722326455,97.66435441352436
38.68667917448405,97.66997759723603
38.72420262664165,97.67560078094769
38.76172607879925,97.68122396465935
38.79924953095685,97.68684714837102
38.83677298311445,97.69247033208268
38.87429643527204,97.69809351579434
38.911819887429644,97.703716699506
38.949343339587244,97.70933988321767
38.98686679174484,97.71496306692933
39.02439024390244,97.72058625064099
39.06191369606004,97.72620943435265
39.09943714821764,97.73183261806432
39.13696060037524,97.73745580177598
39.17448405253283,97.74307898548764
39.21200750469043,97.7487021691993
39.24953095684803,97.75432535291097
39.28705440900563,97.75972360927416
39.32457786116323,97.76512186563735
39.36210131332082,97.77052012200055
39.39962476547842,97.77591837836374
39.43714821763602,97.78131663472693
39.47467166979362,97.78671489109013
39.51219512195122,97.79211314745332
39.549718574108816,97.79751140381651
39.587242026266416,97.80290966017971
39.62476547842402,97.8083079165429
39.66228893058161,97.8137061729061
39.69981238273921,97.81910442926929
39.73733583489681,97.82450268563248
39.77485928705441,97.82990094199567
39.81238273921201,97.8350742710104
39.849906191369605,97.84024760002512
39.887429643527206,97.84542092903985
39.9249530956848,97.85059425805457
39.9624765478424,97.8557675870693
40.0,97.86094091608402
40.0375234521576,97.86611424509874
40.0750469043152,97.87128757411347
40.112570356472794,97.87646090312819
40.150093808630395,97.88163423214291
40.187617260787995,97.88680756115764
40.22514071294559,97.89198089017236
40.26266416510319,97.89715421918709
40.30018761726078,97.90232754820181
40.33771106941838,97.90750087721653
40.37523452157599,97.9124492788828
40.412757973733584,97.91739768054907
40.450281425891184,97.92234608221534
40.487804878048784,97.92729448388161
40.52532833020638,97.93224288554788
40.56285178236398,97.93719128721415
40.60037523452157,97.94213968888042
40.63789868667917,97.94708809054669
40.67542213883677,97.95203649221295
40.71294559099437,97.95698489387922
40.75046904315197,97.96193329554549
40.78799249530957,97.96688169721176
40.82551594746717,97.97183009887803
40.86303939962477,97.9767785005443
40.90056285178236,97.98172690221057
40.93808630393996,97.98667530387684
40.97560975609756,97.9916237055431
41.01313320825516,97.99657210720937
41.05065666041276,98.00152050887564
41.088180112570356,98.00646891054191
41.12570356472796,98.01119238485971
41.16322701688555,98.01591585917751
41.20075046904315,98.02063933349531
41.23827392120075,98.02536280781311
41.275797373358344,98.03008628213091
41.313320825515945,98.03480975644871
41.350844277673545,98.03953323076651
41.388367729831145,98.04425670508431
41.425891181988746,98.04898017940211
41.46341463414634,98.05370365371991
41.50093808630394,98.0584271280377
41.53846153846154,98.0631506023555
41.57598499061913,98.0678740766733
41.613508442776734,98.0725975509911
41.651031894934334,98.0773210253089
41.688555347091935,98.0820444996267
41.726078799249535,98.0867679739445
41.76360225140713,98.09126652091383
41.80112570356473,98.09576506788316
41.83864915572232,98.1002636148525
41.87617260787992,98.10476216182182
41.91369606003752,98.10926070879115
41.951219512195124,98.11375925576048
41.988742964352724,98.11825780272981
42.026266416510325,98.12275634969915
42.06378986866792,98.12725489666848
42.10131332082552,98.1317534436378
42.13883677298311,98.13625199060714
42.17636022514071,98.14075053757647
42.21388367729831,98.1452490845458
42.251407129455906,98.14974763151513
42.288930581613506,98.15402125113599
42.32645403377111,98.15829487075685
42.36397748592871,98.16256849037771
42.40150093808631,98.16684210999857
42.4390243902439,98.17111572961943
42.4765478424015,98.17538934924029
42.514071294559095,98.17966296886115
42.551594746716695,98.18393658848201
42.589118198874296,98.18821020810287
42.626641651031896,98.19248382772373
42.6641651031895,98.1967574473446
42.70168855534709,98.20103106696546
42.73921200750469,98.20530468658632
42.77673545966229,98.20957830620718
42.814258911819884,98.21385192582804
42.851782363977485,98.2181255454489
42.889305816135085,98.22217423772129
42.926829268292686,98.22622292999368
42.964352720450286,98.23027162226607
43.00187617260788,98.23432031453846
43.03939962476548,98.23836900681086
43.07692307692308,98.24241769908325
43.11444652908067,98.24646639135564
43.151969981238274,98.25051508362803
43.18949343339587,98.25456377590042
43.22701688555347,98.25861246817281
43.26454033771107,98.2626611604452
43.30206378986867,98.2667098527176
43.33958724202627,98.27075854498999
43.37711069418386,98.27480723726238
43.41463414634146,98.27885592953477
43.45215759849906,98.28290462180716
43.48968105065666,98.28695331407955
43.52720450281426,98.29100200635195
43.56472795497186,98.29505069862434
43.60225140712946,98.29909939089673
43.63977485928706,98.30314808316912
43.67729831144465,98.30719677544151
43.71482176360225,98.3112454677139
43.75234521575985,98.31506923263784
43.789868667917446,98.31889299756178
43.82739212007505,98.32271676248571
43.86491557223265,98.32654052740965
43.90243902439025,98.33036429233358
43.93996247654785,98.33418805725752
43.97748592870544,98.33801182218146
44.01500938086304,98.3418355871054
44.052532833020635,98.34565935202933
44.090056285178235,98.34948311695327
44.127579737335836,98.3533068818772
44.16510318949343,98.35713064680114
44.20262664165103,98.36095441172507
44.24015009380863,98.36477817664901
44.27767354596623,98.36860194157295
44.31519699812383,98.37242570649688
44.352720450281424,98.37624947142082
44.390243902439025,98.38007323634476
44.427767354596625,98.38389700126869
44.46529080675422,98.38772076619263
44.50281425891182,98.39154453111657
44.54033771106942,98.3953682960405
44.57786116322702,98.39919206096444
44.61538461538462,98.40301582588837
44.652908067542214,98.40683959081231
44.690431519699814,98.41066335573625
44.72795497185741,98.41448712066018
44.76547842401501,98.41831088558412
44.80300187617261,98.42190972315959
44.8405253283302,98.42550856073505
44.87804878048781,98.42910739831052
44.9155722326454,98.43270623588599
44.953095684803,98.43630507346145
44.9906191369606,98.43990391103692
45.0281425891182,98.44350274861239
45.0656660412758,98.44710158618786
45.10318949343339,98.45070042376332
45.14071294559099,98.45429926133879
45.17823639774859,98.45789809891426
45.21575984990619,98.46149693648972
45.25328330206379,98.46509577406519
45.29080675422139,98.46869461164066
45.328330206378986,98.47229344921612
45.36585365853659,98.47589228679159
45.40337711069418,98.47949112436706
45.44090056285178,98.48308996194253
45.47842401500938,98.48668879951799
45.51594746716698,98.49028763709346
45.55347091932458,98.49388647466893
45.590994371482175,98.49726038489592
45.628517823639775,98.50063429512292
45.666041275797376,98.50400820534992
45.70356472795497,98.50738211557692
45.74108818011257,98.51075602580391
45.77861163227016,98.51412993603091
45.81613508442777,98.51750384625791
45.85365853658537,98.52087775648491
45.891181988742964,98.5242516667119
45.928705440900565,98.5276255769389
45.96622889305816,98.5309994871659
46.00375234521576,98.5343733973929
46.04127579737336,98.5377473076199
46.07879924953095,98.5411212178469
46.11632270168855,98.54449512807389
46.15384615384615,98.54786903830089
46.191369606003754,98.55124294852789
46.228893058161354,98.55461685875488
46.26641651031895,98.55799076898188
46.30393996247655,98.56136467920888
46.34146341463415,98.56473858943588
46.37898686679174,98.56811249966287
46.41651031894934,98.57148640988987
46.45403377110694,98.57486032011687
46.49155722326454,98.57823423034387
46.52908067542214,98.58160814057086
46.56660412757974,98.58498205079786
46.60412757973734,98.58813103367639
46.64165103189493,98.59128001655492
46.67917448405253,98.59442899943345
46.71669793621013,98.59757798231198
46.754221388367725,98.6007269651905
46.791744840525325,98.60387594806903
46.82926829268293,98.60702493094756
46.866791744840526,98.61017391382609
46.90431519699813,98.61332289670462
46.94183864915572,98.61647187958314
46.97936210131332,98.61962086246167
47.01688555347092,98.6227698453402
47.054409005628514,98.62591882821873
47.091932457786115,98.62906781109726
47.129455909943715,98.63221679397579
47.166979362101316,98.63536577685431
47.204502814258916,98.63851475973284
47.24202626641651,98.64166374261137
47.27954971857411,98.6448127254899
47.3170731707317,98.64796170836843
47.354596622889304,98.65111069124696
47.392120075046904,98.65425967412548
47.429643527204504,98.65740865700401
47.467166979362105,98.66055763988254
47.5046904315197,98.66370662276107
47.5422138836773,98.6668556056396
47.5797373358349,98.67000458851813
47.61726078799249,98.67315357139665
47.65478424015009,98.67607762692671
47.69230769230769,98.67900168245677
47.72983114446529,98.68192573798683
47.767354596622894,98.68484979351689
47.80487804878049,98.68777384904695
47.84240150093809,98.69069790457701
47.87992495309569,98.69362196010707
47.91744840525328,98.69654601563713
47.95497185741088,98.69947007116718
47.992495309568476,98.70239412669724
48.030018761726076,98.7053181822273
48.06754221388368,98.70824223775736
48.10506566604128,98.71116629328742
48.14258911819888,98.71409034881748
48.18011257035647,98.71701440434754
48.21763602251407,98.7199384598776
48.25515947467167,98.72286251540766
48.292682926829265,98.72578657093771
48.330206378986865,98.72871062646777
48.367729831144466,98.73163468199783
48.405253283302066,98.73455873752789
48.44277673545967,98.73748279305795
48.48030018761726,98.74040684858801
48.51782363977486,98.74333090411807
48.55534709193246,98.74625495964813
48.592870544090054,98.74917901517819
48.630393996247655,98.75210307070824
48.66791744840525,98.7550271262383
48.70544090056285,98.75795118176836
48.74296435272045,98.76087523729842
48.78048780487805,98.76379929282848
48.81801125703565,98.76672334835854
48.85553470919324,98.76942247654014
48.893058161350844,98.77212160472175
48.930581613508444,98.77482073290335
48.96810506566604,98.77751986108495
49.00562851782364,98.78021898926656
49.04315196998124,98.78291811744816
49.08067542213884,98.78561724562977
49.11819887429644,98.78831637381137
49.15572232645403,98.79101550199297
49.19324577861163,98.79371463017458
49.23076923076923,98.79641375835618
49.26829268292683,98.79911288653778
49.30581613508443,98.80181201471939
49.34333958724203,98.80451114290099
49.38086303939963,98.8072102710826
49.41838649155723,98.8099093992642
49.45590994371482,98.8126085274458
49.49343339587242,98.81530765562741
49.530956848030016,98.81800678380901
49.568480300187616,98.82070591199061
49.60600375234522,98.82340504017222
49.64352720450281,98.82610416835382
49.68105065666041,98.82880329653543
49.71857410881801,98.83150242471703
49.75609756097561,98.83420155289863
49.79362101313321,98.83690068108024
49.831144465290805,98.83959980926184
49.868667917448406,98.84229893744345
49.906191369606,98.84499806562505
49.9437148217636,98.84769719380665
49.9812382739212,98.85039632198826
50.0187617260788,98.85309545016986
50.056285178236394,98.85579457835146
50.093808630394,98.85849370653307
50.131332082551594,98.86119283471467
50.16885553470919,98.86389196289628
50.206378986866795,98.86659109107788
50.24390243902439,98.86929021925948
50.28142589118198,98.87198934744109
50.31894934333959,98.87446354827422
50.35647279549719,98.87693774910736
50.39399624765478,98.87941194994049
50.43151969981239,98.88188615077362
50.469043151969984,98.88436035160676
50.50656660412758,98.8868345524399
50.54409005628517,98.88930875327303
50.58161350844278,98.89178295410616
50.61913696060037,98.8942571549393
50.65666041275797,98.89673135577243
50.69418386491557,98.89920555660557
50.73170731707317,98.9016797574387
50.76923076923077,98.90415395827183
50.806754221388374,98.90662815910497
50.84427767354597,98.9091023599381
50.88180112570356,98.91157656077124
50.91932457786116,98.91405076160437
50.95684803001876,98.9165249624375
50.99437148217636,98.91899916327064
51.031894934333955,98.92147336410378
51.06941838649156,98.92394756493691
51.106941838649156,98.92642176577004
51.14446529080675,98.92889596660318
51.18198874296436,98.93137016743631
51.21951219512195,98.93384436826945
51.25703564727955,98.93631856910258
51.29455909943715,98.93879276993572
51.33208255159475,98.94126697076885
51.369606003752345,98.94374117160199
51.40712945590994,98.94621537243512
51.444652908067546,98.94868957326825
51.48217636022514,98.95093884675292
51.51969981238273,98.95318812023758
51.55722326454034,98.95543739372225
51.594746716697934,98.95768666720691
51.632270168855534,98.95993594069158
51.66979362101314,98.96218521417624
51.707317073170735,98.96443448766091
51.74484052532833,98.96668376114557
51.78236397748592,98.96893303463024
51.81988742964353,98.9711823081149
51.85741088180112,98.97343158159957
51.89493433395872,98.97568085508424
51.93245778611632,98.9779301285689
51.969981238273924,98.98017940205357
52.00750469043152,98.98242867553823
52.045028142589125,98.9846779490229
52.08255159474672,98.98692722250756
52.12007504690431,98.98917649599223
52.15759849906192,98.99142576947689
52.19512195121951,98.99367504296156
52.232645403377106,98.99592431644622
52.270168855534706,98.99817358993089
52.307692307692314,99.00042286341555
52.34521575984991,99.00267213690022
52.3827392120075,99.00492141038488
52.42026266416511,99.00717068386955
52.4577861163227,99.00941995735421
52.495309568480295,99.01166923083888
52.5328330206379,99.01391850432354
52.570356472795496,99.0161677778082
52.607879924953096,99.01841705129287
52.64540337711069,99.02066632477754
52.6829268292683,99.0229155982622
52.72045028142589,99.02516487174687
52.75797373358348,99.02741414523153
52.79549718574109,99.0296634187162
52.833020637898684,99.03191269220086
52.870544090056285,99.03416196568553
52.908067542213885,99.03641123917019
52.945590994371486,99.03866051265486
52.98311444652908,99.04090978613952
53.02063789868669,99.04315905962419
53.05816135084428,99.04518340576038
53.09568480300187,99.04720775189658
53.13320825515947,99.04923209803277
53.170731707317074,99.05125644416897
53.208255159474675,99.05328079030517
53.24577861163227,99.05530513644136
53.283302063789876,99.05732948257756
53.32082551594747,99.05935382871375
53.35834896810506,99.06137817484995
53.39587242026267,99.06340252098614
53.43339587242026,99.06542686712234
53.47091932457786,99.06745121325854
53.50844277673546,99.06947555939473
53.54596622889306,99.07149990553093
53.58348968105066,99.07352425166712
53.62101313320825,99.07554859780332
53.65853658536586,99.07757294393951
53.69606003752345,99.07959729007571
53.733583489681045,99.0816216362119
53.77110694183865,99.0836459823481
53.808630393996246,99.0856703284843
53.84615384615385,99.0876946746205
53.88367729831145,99.08971902075669
53.92120075046905,99.09174336689289
53.95872420262664,99.09376771302908
53.996247654784234,99.09579205916528
54.03377110694184,99.09781640530147
54.071294559099435,99.09984075143767
54.10881801125703,99.10186509757386
54.146341463414636,99.10388944371006
54.18386491557223,99.10591378984626
54.22138836772983,99.10793813598245
54.25891181988744,99.10996248211865
54.29643527204503,99.11198682825484
54.333958724202624,99.11401117439104
54.37148217636022,99.11603552052723
54.409005628517825,99.11805986666343
54.44652908067542,99.12008421279963
54.48405253283302,99.12210855893582
54.52157598499062,99.12413290507202
54.55909943714822,99.12615725120821
54.59662288930581,99.12818159734441
54.63414634146342,99.1302059434806
54.671669793621014,99.1322302896168
54.70919324577861,99.134254635753
54.746716697936215,99.13627898188919
54.78424015009381,99.13830332802539
54.82176360225141,99.14032767416158
54.859287054409,99.14235202029778
54.89681050656661,99.14437636643397
54.9343339587242,99.14640071257017
54.971857410881796,99.14842505870637
55.009380863039404,99.15044940484256
55.046904315197,99.15247375097876
55.08442776735459,99.15449809711495
55.1219512195122,99.15629751590268
55.1594746716698,99.1580969346904
55.19699812382739,99.15989635347813
55.234521575985,99.16169577226586
55.27204502814259,99.16349519105358
55.309568480300186,99.16529460984131
55.34709193245778,99.16709402862904
55.38461538461539,99.16889344741676
55.42213883677298,99.17069286620449
55.45966228893058,99.17249228499222
55.49718574108818,99.17429170377994
55.53470919324578,99.17609112256767
55.572232645403375,99.1778905413554
55.60975609756098,99.17968996014312
55.647279549718576,99.18148937893085
55.68480300187617,99.18328879771857
55.72232645403376,99.1850882165063
55.75984990619137,99.18688763529403
55.79737335834897,99.18868705408175
55.834896810506564,99.19048647286948
55.87242026266417,99.1922858916572
55.909943714821765,99.19408531044493
55.94746716697936,99.19588472923266
55.984990619136966,99.19768414802039
56.02251407129456,99.19948356680811
56.06003752345215,99.20128298559584
56.09756097560976,99.20308240438357
56.13508442776735,99.20488182317129
56.17260787992495,99.20668124195902
56.21013133208255,99.20848066074674
56.247654784240154,99.21028007953447
56.28517823639775,99.2120794983222
56.32270168855534,99.21387891710992
56.36022514071295,99.21567833589765
56.39774859287054,99.21747775468538
56.43527204502814,99.2192771734731
56.47279549718574,99.22107659226083
56.51031894934334,99.22287601104856
56.54784240150094,99.22467542983628
56.58536585365853,99.22647484862401
56.62288930581614,99.22827426741173
56.66041275797373,99.23007368619946
56.69793621013133,99.23187310498719
56.73545966228893,99.23367252377491
56.77298311444653,99.23547194256264
56.810506566604126,99.23727136135037
56.84803001876173,99.23907078013809
56.88555347091933,99.24087019892582
56.92307692307692,99.24266961771355
56.96060037523453,99.24446903650127
56.99812382739212,99.246268455289
57.035647279549714,99.24806787407672
57.073170731707314,99.24986729286445
57.11069418386492,99.25144178430372
57.148217636022515,99.253016275743
57.18574108818011,99.25459076718226
57.223264540337716,99.25616525862154
57.26078799249531,99.25773975006081
57.2983114446529,99.25931424150008
57.33583489681051,99.26088873293935
57.373358348968104,99.26246322437862
57.410881801125704,99.26403771581789
57.4484052532833,99.26561220725716
57.485928705440905,99.26718669869643
57.5234521575985,99.2687611901357
57.56097560975609,99.27033568157498
57.5984990619137,99.27191017301425
57.63602251407129,99.27348466445352
57.673545966228886,99.27505915589279
57.711069418386494,99.27663364733206
57.748592870544094,99.27820813877133
57.78611632270169,99.2797826302106
57.823639774859295,99.28135712164988
57.86116322701689,99.28293161308915
57.89868667917448,99.28450610452842
57.936210131332075,99.28608059596769
57.97373358348968,99.28765508740696
58.011257035647276,99.28922957884623
58.048780487804876,99.2908040702855
58.08630393996248,99.29237856172477
58.12382739212008,99.29395305316405
58.16135084427767,99.29552754460332
58.19887429643528,99.29710203604259
58.23639774859287,99.29867652748186
58.273921200750465,99.30025101892113
58.311444652908065,99.3018255103604
58.348968105065666,99.30340000179967
58.386491557223266,99.30497449323894
58.42401500938086,99.30654898467822
58.46153846153847,99.30812347611749
58.49906191369606,99.30969796755676
58.536585365853654,99.31127245899603
58.57410881801126,99.3128469504353
58.611632270168855,99.31442144187457
58.649155722326455,99.31599593331384
58.686679174484055,99.31757042475311
58.724202626641656,99.31914491619239
58.76172607879925,99.32071940763166
58.79924953095684,99.32229389907093
58.83677298311445,99.3238683905102
58.87429643527204,99.32544288194947
58.91181988742964,99.32701737338874
58.949343339587244,99.32859186482801
58.98686679174484,99.33016635626728
59.02439024390244,99.33174084770656
59.061913696060046,99.33331533914583
59.09943714821764,99.3348898305851
59.13696060037523,99.33646432202437
59.174484052532826,99.33803881346364
59.21200750469043,99.33961330490291
59.24953095684803,99.34118779634218
59.28705440900563,99.34276228778145
59.32457786116323,99.34433677922073
59.36210131332083,99.34591127066
59.39962476547842,99.34748576209927
59.43714821763603,99.34906025353854
59.47467166979362,99.35063474497781
59.512195121951216,99.35220923641708
59.54971857410882,99.35378372785635
59.587242026266416,99.35535821929562
59.62476547842401,99.3569327107349
59.66228893058161,99.35850720217417
59.69981238273922,99.36008169361344
59.73733583489681,99.36165618505271
59.774859287054404,99.36323067649198
59.81238273921201,99.36480516793125
59.849906191369605,99.36637965937052
59.8874296435272,99.3679541508098
59.924953095684806,99.36952864224907
59.9624765478424,99.37110313368834
60.0,99.37267762512761
60.0375234521576,99.37425211656688
60.0750469043152,99.37582660800615
60.112570356472794,99.37740109944542
60.15009380863039,99.37897559088469
60.187617260787995,99.38055008232396
60.22514071294559,99.38189964641477
60.26266416510319,99.38324921050557
60.30018761726079,99.38459877459637
60.33771106941839,99.38594833868717
60.37523452157598,99.38729790277797
60.41275797373359,99.38864746686878
60.450281425891184,99.38999703095958
60.48780487804878,99.39134659505038
60.52532833020637,99.39269615914118
60.56285178236398,99.39404572323198
60.60037523452158,99.39539528732278
60.63789868667917,99.39674485141359
60.67542213883678,99.39809441550439
60.71294559099437,99.39944397959519
60.750469043151966,99.40079354368599
60.787992495309574,99.4021431077768
60.82551594746717,99.4034926718676
60.86303939962476,99.4048422359584
60.90056285178237,99.4061918000492
60.93808630393996,99.40754136414
60.97560975609756,99.4088909282308
61.013133208255155,99.4102404923216
61.05065666041276,99.41159005641241
61.088180112570356,99.41293962050321
61.12570356472795,99.41428918459401
61.16322701688556,99.41563874868481
61.20075046904315,99.41698831277562
61.23827392120075,99.41833787686642
61.27579737335835,99.41968744095722
61.31332082551595,99.42103700504802
61.350844277673545,99.42238656913882
61.38836772983114,99.42373613322962
61.425891181988746,99.42508569732043
61.46341463414634,99.42643526141123
61.50093808630393,99.42778482550203
61.53846153846154,99.42913438959283
61.57598499061913,99.43048395368363
61.613508442776734,99.43183351777444
61.65103189493434,99.43318308186524
61.688555347091935,99.43453264595604
61.72607879924953,99.43588221004684
61.763602251407136,99.43723177413764
61.80112570356473,99.43858133822845
61.83864915572232,99.43993090231925
61.87617260787992,99.44128046641005
61.91369606003752,99.44263003050085
61.951219512195124,99.44397959459165
61.98874296435272,99.44532915868245
62.026266416510325,99.44667872277326
62.06378986866792,99.44802828686406
62.10131332082551,99.44937785095486
62.13883677298312,99.45072741504566
62.17636022514071,99.45207697913646
62.21388367729831,99.45342654322727
62.251407129455906,99.45477610731807
62.28893058161351,99.45612567140887
62.32645403377111,99.45747523549967
62.3639774859287,99.45882479959047
62.40150093808631,99.46017436368128
62.4390243902439,99.46152392777208
62.476547842401494,99.46287349186288
62.5140712945591,99.46422305595368
62.5515947467167,99.46557262004448
62.589118198874296,99.46692218413529
62.6266416510319,99.46827174822609
62.6641651031895,99.46962131231689
62.70168855534709,99.47097087640769
62.73921200750468,99.47232044049849
62.77673545966229,99.4736700045893
62.814258911819884,99.4750195686801
62.851782363977485,99.4763691327709
62.889305816135085,99.4777186968617
62.926829268292686,99.4790682609525
62.96435272045028,99.4804178250433
63.001876172607886,99.4817673891341
63.03939962476548,99.48311695322491
63.07692307692307,99.48446651731571
63.114446529080666,99.48581608140651
63.151969981238274,99.48716564549731
63.189493433395874,99.48851520958812
63.22701688555347,99.48986477367892
63.264540337711075,99.49121433776972
63.30206378986867,99.49256390186052
63.33958724202626,99.49391346595132
63.37711069418387,99.49526303004212
63.41463414634146,99.49638766678446
63.452157598499056,99.49751230352679
63.489681050656664,99.49863694026912
63.52720450281426,99.49976157701145
63.56472795497186,99.50088621375379
63.60225140712945,99.50201085049612
63.63977485928706,99.50313548723845
63.67729831144465,99.50426012398079
63.714821763602245,99.50538476072312
63.75234521575985,99.50650939746545
63.789868667917446,99.50763403420778
63.82739212007505,99.50875867095012
63.86491557223265,99.50988330769245
63.90243902439025,99.51100794443478
63.93996247654784,99.51213258117711
63.977485928705434,99.51325721791945
64.01500938086303,99.51438185466178
64.05253283302063,99.51550649140411
64.09005628517824,99.51663112814644
64.12757973733584,99.51775576488878
64.16510318949344,99.51888040163111
64.20262664165102,99.52000503837344
64.24015009380864,99.52112967511577
64.27767354596622,99.5222543118581
64.31519699812382,99.52337894860044
64.35272045028142,99.52450358534277
64.39024390243902,99.5256282220851
64.42776735459663,99.52675285882744
64.46529080675421,99.52787749556977
64.50281425891183,99.5290021323121
64.54033771106941,99.53012676905443
64.57786116322701,99.53125140579677
64.61538461538461,99.5323760425391
64.65290806754221,99.53350067928143
64.69043151969981,99.53462531602376
64.72795497185741,99.5357499527661
64.76547842401501,99.53687458950843
64.8030018761726,99.53799922625076
64.84052532833022,99.5391238629931
64.8780487804878,99.54024849973543
64.9155722326454,99.54137313647776
64.953095684803,99.54249777322009
64.9906191369606,99.54362240996242
65.0281425891182,99.54474704670476
65.06566604127579,99.54587168344709
65.1031894934334,99.54699632018942
65.14071294559099,99.54812095693175
65.17823639774859,99.54924559367409
65.21575984990619,99.55037023041642
65.25328330206379,99.55149486715875
65.29080675422139,99.55261950390108
65.32833020637898,99.55374414064342
65.3658536585366,99.55486877738575
65.40337711069418,99.55599341412808
65.44090056285178,99.55711805087041
65.47842401500938,99.55824268761275
65.51594746716698,99.55936732435508
65.55347091932458,99.56049196109741
65.59099437148218,99.56161659783974
65.62851782363978,99.56274123458208
65.66604127579737,99.56386587132441
65.70356472795498,99.56499050806674
65.74108818011257,99.56611514480907
65.77861163227017,99.56723978155141
65.81613508442776,99.56836441829374
65.85365853658537,99.56948905503607
65.89118198874296,99.5706136917784
65.92870544090056,99.57173832852074
65.96622889305817,99.57286296526307
66.00375234521576,99.5739876020054
66.04127579737336,99.57511223874774
66.07879924953096,99.57623687549007
66.11632270168856,99.5773615122324
66.15384615384615,99.57848614897473
66.19136960600375,99.57961078571707
66.22889305816135,99.5807354224594
66.26641651031895,99.58186005920173
66.30393996247655,99.58298469594406
66.34146341463415,99.5841093326864
66.37898686679175,99.58523396942873
66.41651031894934,99.58635860617106
66.45403377110695,99.5874832429134
66.49155722326454,99.58860787965573
66.52908067542214,99.58973251639806
66.56660412757974,99.59085715314039
66.60412757973734,99.59198178988272
66.64165103189494,99.59310642662506
66.67917448405252,99.59423106336739
66.71669793621014,99.59535570010972
66.75422138836772,99.59648033685205
66.79174484052533,99.59760497359439
66.82926829268293,99.59872961033672
66.86679174484053,99.59985424707905
66.90431519699813,99.60097888382138
66.94183864915573,99.60210352056372
66.97936210131333,99.60322815730605
67.01688555347091,99.60435279404838
67.05440900562851,99.60547743079071
67.09193245778611,99.60637714018458
67.12945590994372,99.60727684957844
67.16697936210132,99.6081765589723
67.20450281425892,99.60907626836617
67.24202626641652,99.60997597776003
67.2795497185741,99.6108756871539
67.31707317073172,99.61177539654776
67.3545966228893,99.61267510594162
67.3921200750469,99.61357481533548
67.4296435272045,99.61447452472935
67.4671669793621,99.61537423412321
67.50469043151969,99.61627394351707
67.54221388367729,99.61717365291094
67.5797373358349,99.6180733623048
67.61726078799249,99.61897307169866
67.6547842401501,99.61987278109252
67.6923076923077,99.62077249048639
67.7298311444653,99.62167219988025
67.76735459662288,99.62257190927411
67.8048780487805,99.62347161866798
67.84240150093808,99.62437132806184
67.87992495309568,99.6252710374557
67.91744840525328,99.62617074684957
67.95497185741088,99.62707045624343
67.99249530956848,99.6279701656373
68.03001876172607,99.62886987503116
68.06754221388368,99.62976958442502
68.10506566604127,99.63066929381888
68.14258911819887,99.63156900321275
68.18011257035647,99.63246871260661
68.21763602251407,99.63336842200047
68.25515947467167,99.63426813139434
68.29268292682927,99.6351678407882
68.33020637898687,99.63606755018206
68.36772983114446,99.63696725957593
68.40525328330206,99.63786696896979
68.44277673545966,99.63876667836365
68.48030018761726,99.63966638775752
68.51782363977486,99.64056609715138
68.55534709193246,99.64146580654524
68.59287054409006,99.6423655159391
68.63039399624765,99.64326522533297
68.66791744840526,99.64416493472683
68.70544090056285,99.6450646441207
68.74296435272045,99.64596435351456
68.78048780487805,99.64686406290842
68.81801125703565,99.64776377230228
68.85553470919325,99.64866348169615
68.89305816135084,99.64956319109001
68.93058161350845,99.65046290048387
68.96810506566604,99.65136260987774
69.00562851782364,99.6522623192716
69.04315196998124,99.65316202866546
69.08067542213884,99.65406173805933
69.11819887429644,99.65496144745319
69.15572232645404,99.65586115684705
69.19324577861164,99.65676086624092
69.23076923076923,99.65766057563478
69.26829268292683,99.65856028502864
69.30581613508443,99.6594599944225
69.34333958724203,99.66035970381637
69.38086303939961,99.66125941321023
69.41838649155723,99.6621591226041
69.45590994371483,99.66305883199796
69.49343339587242,99.66395854139182
69.53095684803003,99.66485825078568
69.56848030018762,99.66575796017955
69.60600375234522,99.66665766957341
69.64352720450282,99.66755737896727
69.68105065666042,99.66845708836114
69.718574108818,99.669356797755
69.7560975609756,99.67025650714886
69.7936210131332,99.67115621654273
69.8311444652908,99.67205592593659
69.8686679174484,99.67295563533045
69.906191369606,99.67385534472432
69.9437148217636,99.67475505411818
69.98123827392119,99.67565476351204
70.01876172607881,99.6765544729059
70.0562851782364,99.67745418229977
70.093808630394,99.67835389169363
70.1313320825516,99.6792536010875
70.1688555347092,99.68015331048136
70.2063789868668,99.68105301987522
70.24390243902438,99.68195272926909
70.281425891182,99.68285243866295
70.31894934333958,99.68375214805681
70.35647279549718,99.68465185745067
70.39399624765478,99.68555156684454
70.43151969981238,99.6864512762384
70.46904315196998,99.68735098563226
70.50656660412758,99.68825069502613
70.54409005628519,99.68915040441999
70.58161350844277,99.69005011381385
70.61913696060037,99.69094982320772
70.65666041275797,99.69184953260158
70.69418386491557,99.69274924199544
70.73170731707317,99.6936489513893
70.76923076923077,99.69454866078317
70.80675422138837,99.69544837017703
70.84427767354596,99.6963480795709
70.88180112570357,99.69724778896476
70.91932457786116,99.69814749835862
70.95684803001876,99.69904720775249
70.99437148217635,99.69994691714635
71.03189493433396,99.70084662654021
71.06941838649156,99.70174633593408
71.10694183864915,99.70264604532794
71.14446529080676,99.7035457547218
71.18198874296435,99.70444546411566
71.21951219512195,99.70534517350953
71.25703564727955,99.70624488290339
71.29455909943715,99.70714459229725
71.33208255159474,99.70804430169112
71.36960600375235,99.70894401108498
71.40712945590994,99.70984372047884
71.44465290806754,99.71074342987271
71.48217636022514,99.71164313926657
71.51969981238274,99.71254284866043
71.55722326454034,99.7134425580543
71.59474671669793,99.71434226744816
71.63227016885554,99.71524197684202
71.66979362101313,99.71614168623589
71.70731707317073,99.71704139562975
71.74484052532833,99.71794110502361
71.78236397748593,99.71884081441748
71.81988742964353,99.71951559646287
71.85741088180112,99.72019037850826
71.89493433395873,99.72086516055366
71.93245778611632,99.72153994259905
71.96998123827392,99.72221472464445
72.00750469043152,99.72288950668984
72.04502814258912,99.72356428873523
72.08255159474672,99.72423907078063
72.12007504690432,99.72491385282602
72.15759849906192,99.72558863487141
72.1951219512195,99.72626341691681
72.23264540337712,99.7269381989622
72.2701688555347,99.7276129810076
72.3076923076923,99.72828776305299
72.3452157598499,99.72896254509838
72.38273921200751,99.72963732714378
72.42026266416511,99.73031210918917
72.4577861163227,99.73098689123456
72.49530956848031,99.73166167327996
72.5328330206379,99.73233645532535
72.5703564727955,99.73301123737075
72.6078799249531,99.73368601941614
72.6454033771107,99.73436080146153
72.6829268292683,99.73503558350693
72.72045028142588,99.73571036555232
72.7579737335835,99.73638514759772
72.79549718574108,99.73705992964311
72.83302063789868,99.7377347116885
72.87054409005628,99.7384094937339
72.90806754221389,99.73908427577929
72.94559099437149,99.73975905782468
72.98311444652909,99.74043383987008
73.02063789868669,99.74110862191547
73.05816135084427,99.74178340396087
73.09568480300189,99.74245818600626
73.13320825515947,99.74313296805165
73.17073170731707,99.74380775009705
73.20825515947466,99.74448253214244
73.24577861163228,99.74515731418784
73.28330206378986,99.74583209623323
73.32082551594746,99.74650687827862
73.35834896810508,99.74718166032402
73.39587242026266,99.74785644236941
73.43339587242026,99.7485312244148
73.47091932457786,99.7492060064602
73.50844277673546,99.74988078850559
73.54596622889305,99.75055557055099
73.58348968105065,99.75123035259638
73.62101313320825,99.75190513464177
73.65853658536585,99.75257991668717
73.69606003752345,99.75325469873256
73.73358348968105,99.75392948077796
73.77110694183865,99.75460426282335
73.80863039399624,99.75527904486874
73.84615384615385,99.75595382691414
73.88367729831144,99.75662860895953
73.92120075046904,99.75730339100492
73.95872420262664,99.75797817305032
73.99624765478424,99.75865295509571
74.03377110694184,99.7593277371411
74.07129455909943,99.7600025191865
74.10881801125704,99.7606773012319
74.14634146341463,99.76135208327729
74.18386491557223,99.76202686532268
74.22138836772983,99.76270164736808
74.25891181988743,99.76337642941347
74.29643527204503,99.76405121145886
74.33395872420263,99.76472599350426
74.37148217636023,99.76540077554965
74.40900562851782,99.76607555759504
74.44652908067543,99.76675033964044
74.48405253283302,99.76742512168583
74.52157598499062,99.76809990373123
74.55909943714822,99.76877468577662
74.59662288930582,99.76944946782201
74.63414634146342,99.77012424986741
74.671669793621,99.7707990319128
74.70919324577862,99.7714738139582
74.74671669793621,99.77214859600359
74.78424015009381,99.77282337804898
74.82176360225141,99.77349816009438
74.85928705440901,99.77417294213977
74.8968105065666,99.77484772418516
74.9343339587242,99.77552250623056
74.97185741088181,99.77619728827595
75.0093808630394,99.77687207032135
75.046904315197,99.77754685236674
75.0844277673546,99.77822163441213
75.1219512195122,99.77889641645753
75.15947467166978,99.77957119850292
75.1969981238274,99.78024598054832
75.23452157598499,99.78092076259371
75.27204502814259,99.7815955446391
75.30956848030019,99.7822703266845
75.34709193245779,99.78294510872989
75.38461538461539,99.78361989077528
75.42213883677297,99.78429467282068
75.45966228893059,99.78496945486607
75.49718574108817,99.78564423691147
75.53470919324577,99.78631901895686
75.57223264540337,99.78699380100225
75.60975609756098,99.78766858304765
75.64727954971858,99.78834336509304
75.68480300187618,99.78901814713844
75.72232645403378,99.78969292918383
75.75984990619136,99.79036771122922
75.79737335834896,99.79104249327462
75.83489681050656,99.79171727532001
75.87242026266416,99.7923920573654
75.90994371482176,99.7930668394108
75.94746716697937,99.79374162145619
75.98499061913697,99.79441640350159
76.02251407129455,99.79509118554698
76.06003752345217,99.79576596759237
76.09756097560975,99.79644074963777
76.13508442776735,99.79711553168316
76.17260787992495,99.79779031372856
76.21013133208255,99.79846509577395
76.24765478424015,99.79913987781934
76.28517823639774,99.79981465986474
76.32270168855536,99.80048944191013
76.36022514071294,99.80116422395552
76.39774859287054,99.80183900600092
76.43527204502814,99.80251378804631
76.47279549718574,99.8031885700917
76.51031894934334,99.8038633521371
76.54784240150094,99.8045381341825
76.58536585365854,99.80521291622789
76.62288930581613,99.80588769827328
76.66041275797373,99.80656248031868
76.69793621013133,99.80723726236407
76.73545966228893,99.80791204440946
76.77298311444652,99.80858682645486
76.81050656660413,99.80926160850025
76.84803001876173,99.80993639054564
76.88555347091932,99.81038624524258
76.92307692307693,99.81083609993952
76.96060037523452,99.81128595463646
76.99812382739212,99.8117358093334
77.03564727954972,99.81218566403034
77.07317073170732,99.81263551872728
77.11069418386491,99.81308537342422
77.14821763602251,99.81353522812115
77.18574108818011,99.81398508281809
77.22326454033771,99.81443493751503
77.26078799249531,99.81488479221197
77.29831144465291,99.81533464690891
77.33583489681051,99.81578450160585
77.3733583489681,99.81623435630279
77.41088180112571,99.81668421099972
77.4484052532833,99.81713406569666
77.4859287054409,99.8175839203936
77.5234521575985,99.81803377509054
77.5609756097561,99.81848362978748
77.5984990619137,99.81893348448442
77.63602251407129,99.81938333918136
77.6735459662289,99.8198331938783
77.71106941838649,99.82028304857523
77.74859287054409,99.82073290327217
77.78611632270169,99.82118275796911
77.82363977485929,99.82163261266605
77.86116322701689,99.82208246736299
77.89868667917449,99.82253232205993
77.93621013133209,99.82298217675687
77.97373358348968,99.8234320314538
78.01125703564728,99.82388188615074
78.04878048780488,99.82433174084768
78.08630393996248,99.82478159554462
78.12382739212008,99.82523145024156
78.16135084427768,99.8256813049385
78.19887429643528,99.82613115963544
78.23639774859286,99.82658101433238
78.27392120075048,99.82703086902931
78.31144465290807,99.82748072372625
78.34896810506567,99.82793057842319
78.38649155722325,99.82838043312013
78.42401500938087,99.82883028781707
78.46153846153847,99.82928014251401
78.49906191369605,99.82972999721095
78.53658536585367,99.83017985190789
78.57410881801125,99.83062970660482
78.61163227016885,99.83107956130176
78.64915572232646,99.8315294159987
78.68667917448406,99.83197927069564
78.72420262664164,99.83242912539258
78.76172607879926,99.83287898008952
78.79924953095684,99.83332883478646
78.83677298311444,99.8337786894834
78.87429643527204,99.83422854418033
78.91181988742964,99.83467839887727
78.94934333958724,99.83512825357421
78.98686679174483,99.83557810827115
79.02439024390245,99.83602796296809
79.06191369606003,99.83647781766503
79.09943714821763,99.83692767236197
79.13696060037523,99.8373775270589
79.17448405253283,99.83782738175584
79.21200750469043,99.83827723645278
79.24953095684803,99.83872709114972
79.28705440900563,99.83917694584666
79.32457786116322,99.8396268005436
79.36210131332082,99.84007665524054
79.39962476547842,99.84052650993748
79.43714821763602,99.84097636463441
79.47467166979362,99.84142621933135
79.51219512195122,99.84187607402829
79.54971857410882,99.84232592872523
79.58724202626641,99.84277578342217
79.62476547842402,99.84322563811911
79.66228893058161,99.84367549281605
79.69981238273921,99.84412534751299
79.73733583489681,99.84457520220992
79.77485928705441,99.84502505690686
79.81238273921201,99.8454749116038
79.8499061913696,99.84592476630074
79.88742964352721,99.84637462099768
79.9249530956848,99.84682447569462
79.9624765478424,99.84727433039156
80.0,99.8477241850885
80.0375234521576,99.84817403978543
80.0750469043152,99.84862389448237
80.1125703564728,99.84907374917931
80.1500938086304,99.84952360387625
80.18761726078799,99.84997345857319
80.22514071294559,99.85042331327013
80.26266416510319,99.85087316796707
80.30018761726079,99.851323022664
80.33771106941839,99.85177287736094
80.37523452157599,99.85222273205788
80.41275797373359,99.85267258675482
80.45028142589118,99.85312244145176
80.48780487804879,99.8535722961487
80.52532833020638,99.85402215084564
80.56285178236398,99.85447200554258
80.60037523452156,99.85492186023951
80.63789868667918,99.85537171493645
80.67542213883677,99.85582156963339
80.71294559099437,99.85627142433033
80.75046904315198,99.85672127902727
80.78799249530957,99.85717113372421
80.82551594746717,99.85762098842115
80.86303939962477,99.85807084311809
80.90056285178237,99.85852069781502
80.93808630393995,99.85897055251196
80.97560975609757,99.8594204072089
81.01313320825516,99.85987026190584
81.05065666041276,99.86032011660278
81.08818011257036,99.86076997129972
81.12570356472796,99.86121982599666
81.16322701688556,99.8616696806936
81.20075046904314,99.86211953539053
81.23827392120076,99.86256939008747
81.27579737335834,99.86301924478441
81.31332082551594,99.86346909948135
81.35084427767354,99.86391895417829
81.38836772983115,99.86436880887523
81.42589118198875,99.86481866357217
81.46341463414633,99.8652685182691
81.50093808630395,99.86571837296604
81.53846153846153,99.86616822766298
81.57598499061913,99.86661808235992
81.61350844277673,99.86706793705686
81.65103189493433,99.8675177917538
81.68855534709193,99.86796764645074
81.72607879924954,99.86841750114768
81.76360225140714,99.86886735584461
81.80112570356472,99.86931721054155
81.83864915572234,99.86976706523849
81.87617260787992,99.87021691993543
81.91369606003752,99.87066677463237
81.95121951219512,99.87111662932931
81.98874296435272,99.87156648402625
82.02626641651032,99.87201633872318
82.06378986866791,99.87246619342012
82.10131332082553,99.87291604811706
82.13883677298311,99.873365902814
82.17636022514071,99.87381575751094
82.21388367729831,99.87426561220788
82.25140712945591,99.87471546690482
82.2889305816135,99.87516532160176
82.3264540337711,99.8756151762987
82.36397748592871,99.87606503099563
82.4015009380863,99.87651488569257
82.4390243902439,99.87696474038951
82.4765478424015,99.87741459508645
82.5140712945591,99.87786444978339
82.55159474671669,99.87831430448033
82.5891181988743,99.87876415917727
82.62664165103189,99.8792140138742
82.66416510318949,99.87966386857114
82.70168855534709,99.88011372326808
82.73921200750469,99.88056357796502
82.77673545966229,99.88101343266196
82.81425891181988,99.8814632873589
82.85178236397749,99.88191314205584
82.88930581613508,99.88236299675278
82.92682926829268,99.88281285144971
82.96435272045028,99.88326270614665
83.00187617260788,99.88371256084359
83.03939962476548,99.88416241554053
83.07692307692308,99.88461227023747
83.11444652908068,99.88506212493441
83.15196998123827,99.88551197963135
83.18949343339587,99.88596183432828
83.22701688555347,99.88641168902522
83.26454033771107,99.88686154372216
83.30206378986867,99.8873113984191
83.33958724202627,99.88776125311604
83.37711069418387,99.88821110781298
83.41463414634146,99.88866096250992
83.45215759849907,99.88911081720686
83.48968105065666,99.8895606719038
83.52720450281426,99.89001052660073
83.56472795497186,99.89046038129767
83.60225140712946,99.89091023599461
83.63977485928706,99.89136009069155
83.67729831144464,99.89180994538849
83.71482176360226,99.89225980008543
83.75234521575985,99.89270965478237
83.78986866791745,99.8931595094793
83.82739212007505,99.89360936417624
83.86491557223265,99.89405921887318
83.90243902439025,99.89450907357012
83.93996247654785,99.89495892826706
83.97748592870545,99.895408782964
84.01500938086303,99.89585863766094
84.05253283302065,99.89630849235787
84.09005628517824,99.89675834705481
84.12757973733584,99.89720820175175
84.16510318949342,99.89765805644869
84.20262664165104,99.89810791114563
84.24015009380864,99.89855776584257
84.27767354596622,99.8990076205395
84.31519699812384,99.89945747523645
84.35272045028142,99.89990732993338
84.39024390243902,99.90035718463032
84.42776735459663,99.90080703932726
84.46529080675423,99.9012568940242
84.50281425891181,99.90170674872114
84.54033771106941,99.90215660341808
84.57786116322701,99.90260645811502
84.61538461538461,99.90305631281196
84.65290806754221,99.9035061675089
84.69043151969981,99.90395602220583
84.72795497185741,99.90440587690277
84.765478424015,99.90485573159971
84.80300187617262,99.90530558629665
84.8405253283302,99.90575544099359
84.8780487804878,99.90620529569053
84.9155722326454,99.90665515038746
84.953095684803,99.9071050050844
84.9906191369606,99.90755485978134
85.02814258911819,99.90800471447828
85.0656660412758,99.90845456917522
85.10318949343339,99.90890442387216
85.14071294559099,99.9093542785691
85.17823639774859,99.90980413326604
85.21575984990619,99.91025398796297
85.25328330206379,99.91070384265991
85.29080675422139,99.91115369735685
85.328330206379,99.91160355205379
85.36585365853658,99.91205340675073
85.40337711069418,99.91250326144767
85.44090056285178,99.91272818879614
85.47842401500938,99.9129531161446
85.51594746716698,99.91317804349308
85.55347091932458,99.91340297084155
85.59099437148218,99.91362789819001
85.62851782363977,99.91385282553848
85.66604127579738,99.91407775288695
85.70356472795497,99.91430268023542
85.74108818011257,99.91452760758389
85.77861163227017,99.91475253493236
85.81613508442777,99.91497746228083
85.85365853658537,99.9152023896293
85.89118198874296,99.91542731697777
85.92870544090057,99.91565224432624
85.96622889305816,99.91587717167471
86.00375234521576,99.91610209902318
86.04127579737336,99.91632702637165
86.07879924953096,99.91655195372012
86.11632270168855,99.91677688106859
86.15384615384616,99.91700180841706
86.19136960600375,99.91722673576552
86.22889305816135,99.917451663114
86.26641651031895,99.91767659046246
86.30393996247655,99.91790151781093
86.34146341463415,99.9181264451594
86.37898686679173,99.91835137250787
86.41651031894935,99.91857629985634
86.45403377110694,99.91880122720481
86.49155722326454,99.91902615455328
86.52908067542214,99.91925108190175
86.56660412757974,99.91947600925022
86.60412757973734,99.91970093659869
86.64165103189494,99.91992586394716
86.67917448405254,99.92015079129563
86.71669793621012,99.9203757186441
86.75422138836772,99.92060064599256
86.79174484052533,99.92082557334103
86.82926829268293,99.9210505006895
86.86679174484053,99.92127542803797
86.90431519699813,99.92150035538644
86.94183864915573,99.92172528273491
86.97936210131331,99.92195021008338
87.01688555347093,99.92217513743185
87.05440900562851,99.92240006478032
87.09193245778611,99.92262499212879
87.12945590994372,99.92284991947726
87.16697936210132,99.92307484682573
87.20450281425892,99.9232997741742
87.2420262664165,99.92352470152267
87.27954971857412,99.92374962887114
87.3170731707317,99.9239745562196
87.3545966228893,99.92419948356807
87.3921200750469,99.92442441091654
87.4296435272045,99.92464933826501
87.4671669793621,99.92487426561348
87.5046904315197,99.92509919296195
87.5422138836773,99.92532412031042
87.57973733583489,99.92554904765889
87.61726078799249,99.92577397500736
87.6547842401501,99.92599890235583
87.6923076923077,99.9262238297043
87.7298311444653,99.92644875705277
87.7673545966229,99.92667368440124
87.8048780487805,99.9268986117497
87.84240150093808,99.92712353909818
87.8799249530957,99.92734846644665
87.91744840525328,99.92757339379511
87.95497185741088,99.92779832114358
87.99249530956847,99.92802324849205
88.03001876172608,99.92824817584052
88.06754221388367,99.92847310318899
88.10506566604127,99.92869803053746
88.14258911819888,99.92892295788593
88.18011257035647,99.9291478852344
88.21763602251407,99.92937281258287
88.25515947467167,99.92959773993134
88.29268292682927,99.92982266727981
88.33020637898686,99.93004759462828
88.36772983114447,99.93027252197675
88.40525328330206,99.93049744932522
88.44277673545966,99.93072237667369
88.48030018761726,99.93094730402215
88.51782363977486,99.93117223137062
88.55534709193246,99.9313971587191
88.59287054409005,99.93162208606756
88.63039399624766,99.93184701341603
88.66791744840525,99.9320719407645
88.70544090056285,99.93229686811297
88.74296435272045,99.93252179546144
88.78048780487805,99.93274672280991
88.81801125703565,99.93297165015838
88.85553470919325,99.93319657750685
88.89305816135085,99.93342150485532
88.93058161350844,99.93364643220379
88.96810506566604,99.93387135955226
89.00562851782364,99.93409628690073
89.04315196998124,99.9343212142492
89.08067542213884,99.93454614159766
89.11819887429644,99.93477106894613
89.15572232645404,99.9349959962946
89.19324577861163,99.93522092364307
89.23076923076924,99.93544585099154
89.26829268292683,99.93567077834001
89.30581613508443,99.93589570568848
89.34333958724203,99.93612063303695
89.38086303939963,99.93634556038542
89.41838649155723,99.93657048773389
89.45590994371481,99.93679541508236
89.49343339587243,99.93702034243083
89.53095684803002,99.9372452697793
89.56848030018762,99.93747019712777
89.60600375234522,99.93769512447624
89.64352720450282,99.9379200518247
89.6810506566604,99.93814497917317
89.71857410881802,99.93836990652164
89.75609756097562,99.93859483387011
89.7936210131332,99.93881976121858
89.8311444652908,99.93904468856705
89.8686679174484,99.93926961591552
89.906191369606,99.93949454326399
89.94371482176359,99.93971947061246
89.9812382739212,99.93994439796093
90.0187617260788,99.9401693253094
90.0562851782364,99.94039425265787
90.093808630394,99.94061918000634
90.1313320825516,99.9408441073548
90.1688555347092,99.94106903470328
90.20637898686678,99.94129396205174
90.2439024390244,99.94151888940021
90.28142589118198,99.94174381674868
90.31894934333958,99.94196874409715
90.35647279549718,99.94219367144562
90.39399624765478,99.94241859879409
90.43151969981238,99.94264352614256
90.46904315196998,99.94286845349103
90.50656660412758,99.9430933808395
90.54409005628517,99.94331830818797
90.58161350844279,99.94354323553644
90.61913696060037,99.94376816288491
90.65666041275797,99.94399309023338
90.69418386491557,99.94421801758185
90.73170731707317,99.94444294493032
90.76923076923077,99.94466787227879
90.80675422138836,99.94489279962725
90.84427767354597,99.94511772697572
90.88180112570356,99.9453426543242
90.91932457786116,99.94556758167266
90.95684803001876,99.94579250902113
90.99437148217636,99.9460174363696
91.03189493433396,99.94624236371807
91.06941838649155,99.94646729106654
91.10694183864916,99.94669221841501
91.14446529080675,99.94691714576348
91.18198874296435,99.94714207311195
91.21951219512195,99.94736700046042
91.25703564727955,99.94759192780889
91.29455909943715,99.94781685515736
91.33208255159475,99.94804178250583
91.36960600375235,99.9482667098543
91.40712945590994,99.94849163720276
91.44465290806755,99.94871656455123
91.48217636022514,99.9489414918997
91.51969981238274,99.94916641924817
91.55722326454033,99.94939134659664
91.59474671669794,99.94961627394511
91.63227016885554,99.94984120129358
91.66979362101313,99.95006612864205
91.70731707317074,99.95029105599052
91.74484052532833,99.95051598333899
91.78236397748593,99.95074091068746
91.81988742964353,99.95096583803593
91.85741088180113,99.9511907653844
91.89493433395872,99.95141569273287
91.93245778611632,99.95164062008133
91.96998123827392,99.9518655474298
92.00750469043152,99.95209047477827
92.04502814258912,99.95231540212674
92.08255159474672,99.95254032947521
92.12007504690432,99.95276525682368
92.1575984990619,99.95299018417215
92.19512195121952,99.95321511152062
92.2326454033771,99.95344003886909
92.2701688555347,99.95366496621756
92.3076923076923,99.95388989356603
92.3452157598499,99.9541148209145
92.38273921200751,99.95433974826297
92.4202626641651,99.95456467561144
92.45778611632271,99.9547896029599
92.4953095684803,99.95501453030838
92.5328330206379,99.95523945765684
92.5703564727955,99.95546438500531
92.6078799249531,99.95568931235378
92.6454033771107,99.95591423970225
92.6829268292683,99.95613916705072
92.7204502814259,99.95636409439919
92.75797373358348,99.95658902174766
92.79549718574108,99.95681394909613
92.83302063789868,99.9570388764446
92.87054409005628,99.95726380379307
92.90806754221389,99.95748873114154
92.94559099437149,99.95771365849001
92.98311444652909,99.95793858583848
93.02063789868667,99.95816351318695
93.05816135084429,99.95838844053542
93.09568480300187,99.95861336788388
93.13320825515947,99.95883829523235
93.17073170731707,99.95906322258082
93.20825515947467,99.9592881499293
93.24577861163228,99.95951307727776
93.28330206378986,99.95973800462623
93.32082551594748,99.9599629319747
93.35834896810506,99.96018785932317
93.39587242026266,99.96041278667164
93.43339587242026,99.96063771402011
93.47091932457786,99.96086264136858
93.50844277673545,99.96108756871705
93.54596622889306,99.96131249606552
93.58348968105065,99.96153742341399
93.62101313320825,99.96176235076246
93.65853658536587,99.96198727811093
93.69606003752345,99.9622122054594
93.73358348968105,99.96243713280786
93.77110694183864,99.96266206015633
93.80863039399625,99.9628869875048
93.84615384615384,99.96311191485327
93.88367729831144,99.96333684220174
93.92120075046904,99.96356176955021
93.95872420262664,99.96378669689868
93.99624765478424,99.96401162424715
94.03377110694184,99.96423655159562
94.07129455909944,99.96446147894409
94.10881801125703,99.96468640629256
94.14634146341463,99.96491133364103
94.18386491557223,99.9651362609895
94.22138836772983,99.96536118833797
94.25891181988743,99.96558611568643
94.29643527204503,99.9658110430349
94.33395872420263,99.96603597038337
94.37148217636022,99.96626089773184
94.40900562851783,99.96648582508031
94.44652908067542,99.96671075242878
94.48405253283302,99.96693567977725
94.52157598499062,99.96716060712572
94.55909943714822,99.96738553447419
94.59662288930582,99.96761046182266
94.6341463414634,99.96783538917113
94.67166979362102,99.9680603165196
94.70919324577861,99.96828524386807
94.74671669793621,99.96851017121654
94.78424015009381,99.968735098565
94.82176360225141,99.96896002591347
94.85928705440901,99.96918495326194
94.89681050656661,99.96940988061041
94.93433395872421,99.96963480795888
94.9718574108818,99.96985973530735
95.0093808630394,99.97008466265582
95.046904315197,99.97030959000429
95.0844277673546,99.97053451735276
95.1219512195122,99.97075944470123
95.1594746716698,99.9709843720497
95.1969981238274,99.97120929939817
95.23452157598499,99.97143422674664
95.2720450281426,99.97165915409511
95.30956848030019,99.97188408144358
95.34709193245779,99.97210900879205
95.38461538461539,99.97233393614052
95.42213883677299,99.97255886348898
95.45966228893057,99.97278379083745
95.49718574108817,99.97300871818592
95.53470919324579,99.97323364553439
95.57223264540337,99.97345857288286
95.60975609756098,99.97368350023133
95.64727954971858,99.9739084275798
95.68480300187618,99.97413335492827
95.72232645403376,99.97435828227674
95.75984990619138,99.97458320962521
95.79737335834896,99.97480813697368
95.83489681050656,99.97503306432215
95.87242026266416,99.97525799167062
95.90994371482176,99.97548291901909
95.94746716697937,99.97570784636756
95.98499061913695,99.97593277371602
96.02251407129457,99.9761577010645
96.06003752345215,99.97638262841296
96.09756097560975,99.97660755576143
96.13508442776735,99.9768324831099
96.17260787992495,99.97705741045837
96.21013133208255,99.97728233780684
96.24765478424015,99.97750726515531
96.28517823639775,99.97773219250378
96.32270168855534,99.97795711985225
96.36022514071294,99.97818204720072
96.39774859287054,99.97840697454919
96.43527204502814,99.97863190189766
96.47279549718574,99.97885682924613
96.51031894934334,99.9790817565946
96.54784240150094,99.97930668394307
96.58536585365853,99.97953161129153
96.62288930581614,99.97975653864
96.66041275797373,99.97998146598847
96.69793621013133,99.98020639333694
96.73545966228893,99.98043132068541
96.77298311444653,99.98065624803388
96.81050656660413,99.98088117538235
96.84803001876172,99.98110610273082
96.88555347091933,99.98133103007929
96.92307692307692,99.98155595742776
96.96060037523452,99.98178088477623
96.99812382739212,99.9820058121247
97.03564727954972,99.98223073947317
97.07317073170731,99.98245566682164
97.11069418386492,99.9826805941701
97.14821763602252,99.98290552151857
97.18574108818011,99.98313044886704
97.22326454033771,99.98335537621551
97.26078799249531,99.98358030356398
97.29831144465291,99.98380523091245
97.3358348968105,99.98403015826092
97.37335834896811,99.98425508560939
97.4108818011257,99.98448001295786
97.4484052532833,99.98470494030633
97.4859287054409,99.9849298676548
97.5234521575985,99.98515479500327
97.5609756097561,99.98537972235174
97.59849906191369,99.9856046497002
97.6360225140713,99.98582957704868
97.67354596622889,99.98605450439715
97.71106941838649,99.98627943174561
97.74859287054409,99.98650435909408
97.78611632270169,99.98672928644255
97.82363977485929,99.98695421379102
97.86116322701689,99.98717914113949
97.89868667917449,99.98740406848796
97.93621013133207,99.98762899583643
97.97373358348969,99.9878539231849
98.01125703564728,99.98807885053337
98.04878048780488,99.98830377788184
98.08630393996248,99.98852870523031
98.12382739212008,99.98875363257878
98.16135084427768,99.98897855992725
98.19887429643526,99.98920348727572
98.23639774859288,99.98942841462419
98.27392120075046,99.98965334197266
98.31144465290807,99.98987826932112
98.34896810506567,99.9901031966696
98.38649155722327,99.99032812401806
98.42401500938087,99.99055305136653
98.46153846153847,99.990777978715
98.49906191369607,99.99100290606347
98.53658536585365,99.99122783341194
98.57410881801125,99.99145276076041
98.61163227016885,99.99167768810888
98.64915572232646,99.99190261545735
98.68667917448406,99.99212754280582
98.72420262664166,99.99235247015429
98.76172607879926,99.99257739750276
98.79924953095684,99.99280232485123
98.83677298311446,99.9930272521997
98.87429643527204,99.99325217954816
98.91181988742964,99.99347710689663
98.94934333958723,99.9937020342451
98.98686679174484,99.99392696159357
99.02439024390245,99.99415188894204
99.06191369606003,99.99437681629051
99.09943714821765,99.99460174363898
99.13696060037523,99.99482667098745
99.17448405253283,99.99505159833592
99.21200750469043,99.99527652568439
99.24953095684803,99.99550145303286
99.28705440900562,99.99572638038133
99.32457786116323,99.9959513077298
99.36210131332082,99.99617623507827
99.39962476547842,99.99640116242674
99.43714821763602,99.9966260897752
99.47467166979362,99.99685101712367
99.51219512195122,99.99707594447214
99.54971857410881,99.99730087182061
99.58724202626642,99.99752579916908
99.62476547842401,99.99775072651755
99.66228893058161,99.99797565386602
99.69981238273921,99.99820058121449
99.73733583489681,99.99842550856296
99.77485928705441,99.99865043591143
99.812382739212,99.9988753632599
99.84990619136961,99.99910029060837
99.8874296435272,99.99932521795684
99.9249530956848,99.9995501453053
99.9624765478424,99.99977507265378
100.0,100.00000000000225
